reference_number,paper_id,authors,PMID,PMCID,DOI,title,journal,publication_year,publication_types
1,pmid-33168657,"Narayan P, Prowell TM, Gao JJ, et al.",33168657,PMC8535764,10.1158/1078-0432.CCR-20-3652,"FDA Approval Summary: Alpelisib Plus Fulvestrant for Patients with HR-positive, HER2-negative, PIK3CA-mutated, Advanced or Metastatic Breast Cancer.",Clinical cancer research : an official journal of the American Association for Cancer Research,2020,Journal Article;Randomized Controlled Trial
2,pmid-36321996,"Rugo HS, Raskina K, Schrock AB, et al.",36321996,PMC10011882,10.1158/1078-0432.CCR-22-2115,Biology and Targetability of the Extended Spectrum of PIK3CA Mutations Detected in Breast Carcinoma.,Clinical cancer research : an official journal of the American Association for Cancer Research,2023,Editorial;Comment
3,pmid-36428975,"Venetis K, Pepe F, Munzone E, et al.",36428975,PMC9688837,10.3390/cells11223545,Analytical Performance of Next-Generation Sequencing and RT-PCR on Formalin-Fixed Paraffin-Embedded Tumor Tissues for PIK3CA Testing in HR+/HER2- Breast Cancer.,Cells,2022,"Journal Article;Research Support, Non-U.S. Gov't"
4,pmid-33575071,"Wilhoit T, Patrick JM, May MB",33575071,PMC7646628,10.6004/jadpro.2020.11.7.9,Alpelisib: A Novel Therapy for Patients With PIK3CA-Mutated Metastatic Breast Cancer.,Journal of the advanced practitioner in oncology,2020,Journal Article
5,pmid-33602685,"Sharma P, Abramson VG, O'Dea A, et al.",33602685,PMC8282704,10.1158/1078-0432.CCR-20-4879,Clinical and Biomarker Results from Phase I/II Study of PI3K Inhibitor Alpelisib plus Nab-paclitaxel in HER2-Negative Metastatic Breast Cancer.,Clinical cancer research : an official journal of the American Association for Cancer Research,2021,"Clinical Trial, Phase I;Clinical Trial, Phase II;Journal Article;Research Support, N.I.H., Extramural;Research Support, Non-U.S. Gov't"
6,pmid-41925922,"Hörner M, Tretschock LM, John N, et al.",41925922,PMC13046609,10.1007/s10549-026-07939-z,Alpelisib and Fulvestrant in PIK3CA-mutated hormone receptor-positive HER2-negative advanced breast cancer included in the German PRAEGNANT trial.,Breast cancer research and treatment,2026,Journal Article;Multicenter Study;Observational Study
7,pmid-34173298,,34173298,PMC8262312,10.1002/onco.13873,Potential for Long-Term Disease Control with Alpelisib Plus Fulvestrant Spans Patient Subgroups in HR+ PIK3CA-Mutated Advanced Breast Cancer.,The oncologist,2021,"Clinical Trial, Phase III;Journal Article;Randomized Controlled Trial"
8,pmid-32864625,"Razavi P, Dickler MN, Shah PD, et al.",32864625,PMC7450824,10.1038/s43018-020-0047-1,Alterations in PTEN and ESR1 promote clinical resistance to alpelisib plus aromatase inhibitors.,Nature cancer,2020,"Journal Article;Research Support, N.I.H., Extramural;Research Support, Non-U.S. Gov't;Research Support, U.S. Gov't, Non-P.H.S."
9,pmid-41681940,"Loizidis S, Michaelides D, Marcou Y, et al.",41681940,PMC12896634,10.3390/cancers18030468,Comparison Between Alpelisib Plus Endocrine Therapy and Everolimus Plus Endocrine Therapy After CDK4/6 Inhibitors Progression in Patients with PIK3CA-Mutant Metastatic Breast Cancer: A Single-Center Retrospective Study.,Cancers,2026,Journal Article
10,pmid-40152314,"Pancirov M, Flam J, Šuto Pavičić J, et al.",40152314,PMC11950915,10.1093/oncolo/oyaf023,Dynamics of hyperglycemia of patients treated with alpelisib: exploratory interim analysis of ITACA trial.,The oncologist,2025,"Journal Article;Research Support, Non-U.S. Gov't"
11,pmid-38638399,"Llombart-Cussac A, Pérez-Garcia JM, Ruiz Borrego M, et al.",38638399,PMC11024566,10.1016/j.eclinm.2024.102520,"Preventing alpelisib-related hyperglycaemia in HR+/HER2-/PIK3CA-mutated advanced breast cancer using metformin (METALLICA): a multicentre, open-label, single-arm, phase 2 trial.",EClinicalMedicine,2024,Journal Article
12,pmid-37743730,"Shen S, Chen Y, Carpio A, Chang C, Iyengar NM",37743730,PMC10863751,10.1002/cncr.34928,"Incidence, risk factors, and management of alpelisib-associated hyperglycemia in metastatic breast cancer.",Cancer,2023,"Journal Article;Research Support, Non-U.S. Gov't;Research Support, N.I.H., Extramural"
13,pmid-40454641,"Jhaveri KL, Im SA, Saura C, et al.",40454641,PMC13496148,10.1056/NEJMoa2501796,Overall Survival with Inavolisib in PIK3CA-Mutated Advanced Breast Cancer.,The New England journal of medicine,2025,"Journal Article;Randomized Controlled Trial;Clinical Trial, Phase III;Multicenter Study"
14,pmid-39236276,"Jhaveri KL, Accordino MK, Bedard PL, et al.",39236276,PMC11575912,10.1200/JCO.24.00110,"Phase I/Ib Trial of Inavolisib Plus Palbociclib and Endocrine Therapy for PIK3CA-Mutated, Hormone Receptor-Positive, Human Epidermal Growth Factor Receptor 2-Negative Advanced or Metastatic Breast Cancer.",Journal of clinical oncology : official journal of the American Society of Clinical Oncology,2024,"Clinical Trial, Phase I;Journal Article;Research Support, Non-U.S. Gov't;Research Support, N.I.H., Extramural"
15,pmid-42202490,"Im SA, Kalinsky K, Jhaveri KL, et al.",42202490,PMC13235453,10.1016/j.esmoop.2026.107735,"Safety analyses of the INAVO120 randomised phase III trial of inavolisib or placebo with palbociclib-fulvestrant in patients with PIK3CA-mutated, hormone receptor-positive, HER2-negative, endocrine-resistant advanced breast cancer.",ESMO open,2026,"Journal Article;Randomized Controlled Trial;Clinical Trial, Phase III"
16,pmid-34544753,"Song KW, Edgar KA, Hanan EJ, et al.",34544753,PMC9762331,10.1158/2159-8290.CD-21-0072,RTK-Dependent Inducible Degradation of Mutant PI3Kα Drives GDC-0077 (Inavolisib) Efficacy.,Cancer discovery,2021,"Journal Article;Research Support, Non-U.S. Gov't"
17,pmid-35022207,"Vanhaesebroeck B, Burke JE, Madsen RR",35022207,PMC7612218,10.1158/2159-8290.CD-21-1411,Precision Targeting of Mutant PI3Kα in Cancer by Selective Degradation.,Cancer discovery,2022,"Journal Article;Research Support, Non-U.S. Gov't;Comment"
18,pmid-41143603,"Juric D, Song K, Johnson RM, et al.",41143603,PMC12770939,10.1158/1078-0432.CCR-25-1459,PI3Kα Inhibitor and Degrader Inavolisib Can Co-opt FGFR2 to Enhance Responses in Patients with PIK3CA-Mutated Solid Tumors and in Preclinical Models.,Clinical cancer research : an official journal of the American Association for Cancer Research,2026,"Clinical Trial, Phase I;Journal Article;Multicenter Study"
19,pmid-37916958,"Varkaris A, Fece de la Cruz F, Martin EE, et al.",37916958,PMC10850944,10.1158/2159-8290.CD-23-0704,Allosteric PI3Kα Inhibition Overcomes On-target Resistance to Orthosteric Inhibitors Mediated by Secondary PIK3CA Mutations.,Cancer discovery,2024,"Journal Article;Research Support, U.S. Gov't, Non-P.H.S.;Research Support, N.I.H., Extramural"
20,pmid-28129991,"Miller MS, Maheshwari S, McRobb FM, et al.",28129991,PMC5319926,10.1016/j.bmc.2017.01.012,Identification of allosteric binding sites for PI3Kα oncogenic mutant specific inhibitor design.,Bioorganic & medicinal chemistry,2017,Journal Article
21,pmid-37623743,"Buckbinder L, St Jean DJ, Tieu T, et al.",37623743,PMC10618743,10.1158/2159-8290.CD-23-0396,"STX-478, a Mutant-Selective, Allosteric PI3Kα Inhibitor Spares Metabolic Dysfunction and Improves Therapeutic Response in PI3Kα-Mutant Xenografts.",Cancer discovery,2023,"Journal Article;Research Support, Non-U.S. Gov't"
22,pmid-37916956,"Varkaris A, Pazolli E, Gunaydin H, et al.",37916956,PMC10850943,10.1158/2159-8290.CD-23-0944,"Discovery and Clinical Proof-of-Concept of RLY-2608, a First-in-Class Mutant-Selective Allosteric PI3Kα Inhibitor That Decouples Antitumor Activity from Hyperinsulinemia.",Cancer discovery,2024,"Journal Article;Research Support, Non-U.S. Gov't;Research Support, U.S. Gov't, Non-P.H.S.;Research Support, N.I.H., Extramural"
23,pmid-25409150,"Juric D, Castel P, Griffith M, et al.",25409150,PMC4326538,10.1038/nature13948,Convergent loss of PTEN leads to clinical resistance to a PI(3)Kα inhibitor.,Nature,2014,"Journal Article;Research Support, N.I.H., Extramural;Research Support, Non-U.S. Gov't"
24,pmid-27048245,"Leroy C, Ramos P, Cornille K, et al.",27048245,PMC4820873,10.1186/s13058-016-0697-1,Activation of IGF1R/p110β/AKT/mTOR confers resistance to α-specific PI3K inhibition.,Breast cancer research : BCR,2016,"Journal Article;Research Support, Non-U.S. Gov't"
25,pmid-40991650,"Kumari N, Wright SC, Witham CM, et al.",40991650,PMC12618074,10.1172/JCI180927,USP10/GSK3β-mediated inhibition of PTEN drives resistance to PI3K inhibitors in breast cancer.,The Journal of clinical investigation,2025,"Journal Article;Research Support, Non-U.S. Gov't"
26,pmid-31859350,"Brandão M, Caparica R, Eiger D, de Azambuja E",31859350,PMC6923785,10.1093/annonc/mdz280,Biomarkers of response and resistance to PI3K inhibitors in estrogen receptor-positive breast cancer patients and combination therapies involving PI3K inhibitors.,Annals of oncology : official journal of the European Society for Medical Oncology,2019,"Journal Article;Research Support, Non-U.S. Gov't;Review"
27,pmid-27604488,"Le X, Antony R, Razavi P, et al.",27604488,PMC5050154,10.1158/2159-8290.CD-16-0305,Systematic Functional Characterization of Resistance to PI3K Inhibition in Breast Cancer.,Cancer discovery,2016,Journal Article
28,pmid-37101291,"Hutchinson KE, Chen JW, Savage HM, et al.",37101291,PMC10131374,10.1186/s13073-023-01181-8,"Multiple PIK3CA mutation clonality correlates with outcomes in taselisib + fulvestrant-treated ER+/HER2-, PIK3CA-mutated breast cancers.",Genome medicine,2023,"Journal Article;Research Support, Non-U.S. Gov't"
29,pmid-32404150,"Martínez-Sáez O, Chic N, Pascual T, et al.",32404150,PMC7222307,10.1186/s13058-020-01284-9,Frequency and spectrum of PIK3CA somatic mutations in breast cancer.,Breast cancer research : BCR,2020,"Journal Article;Research Support, Non-U.S. Gov't"
30,pmid-23903756,"Elkabets M, Vora S, Juric D, et al.",23903756,PMC3935768,10.1126/scitranslmed.3005747,mTORC1 inhibition is required for sensitivity to PI3K p110α inhibitors in PIK3CA-mutant breast cancer.,Science translational medicine,2013,"Journal Article;Research Support, Non-U.S. Gov't"
31,pmid-25873175,"Elkabets M, Pazarentzos E, Juric D, et al.",25873175,PMC4398915,10.1016/j.ccell.2015.03.010,AXL mediates resistance to PI3Kα inhibition by activating the EGFR/PKC/mTOR axis in head and neck and esophageal squamous cell carcinomas.,Cancer cell,2015,Journal Article
32,pmid-37339176,"Smith AE, Chan S, Wang Z, et al.",37339176,PMC10543974,10.1158/0008-5472.CAN-23-0282,Tipifarnib Potentiates the Antitumor Effects of PI3Kα Inhibition in PIK3CA- and HRAS-Dysregulated HNSCC via Convergent Inhibition of mTOR Activity.,Cancer research,2023,Journal Article
33,pmid-33024087,"Yang C, Sheng Y, Shi X, et al.",33024087,PMC7538592,10.1038/s41419-020-03037-0,CD44/HA signaling mediates acquired resistance to a PI3Kα inhibitor.,Cell death & disease,2020,"Journal Article;Research Support, Non-U.S. Gov't"
34,pmid-40113784,"Gremke N, Besong I, Stroh A, et al.",40113784,PMC11926384,10.1038/s41392-025-02180-4,Targeting PI3K inhibitor resistance in breast cancer with metabolic drugs.,Signal transduction and targeted therapy,2025,"Journal Article;Research Support, Non-U.S. Gov't"
35,pmid-28382169,"Xu YC, Wang X, Chen Y, et al.",28382169,PMC5381259,10.7150/thno.17830,Integration of Receptor Tyrosine Kinases Determines Sensitivity to PI3Kα-selective Inhibitors in Breast Cancer.,Theranostics,2017,Journal Article
36,pmid-33059733,"Ruicci KM, Meens J, Plantinga P, et al.",33059733,PMC7559997,10.1186/s13046-020-01713-9,TAM family receptors in conjunction with MAPK signalling are involved in acquired resistance to PI3Kα inhibition in head and neck squamous cell carcinoma.,Journal of experimental & clinical cancer research : CR,2020,Journal Article
37,pmid-40510030,"Shi Y, Chen L, Cheng Q, Niu P, Weng Y, Yang X",40510030,PMC12159599,10.20517/cdr.2024.181,FGFR1 overexpression promotes resistance to PI3K inhibitor alpelisib in luminal breast cancer cells through receptor tyrosine kinase signaling-mediated activation of the estrogen receptor.,"Cancer drug resistance (Alhambra, Calif.)",2025,Journal Article
38,pmid-33947692,"Jhaveri K, Drago JZ, Shah PD, et al.",33947692,PMC8282678,10.1158/1078-0432.CCR-21-0047,A Phase I Study of Alpelisib in Combination with Trastuzumab and LJM716 in Patients with PIK3CA-Mutated HER2-Positive Metastatic Breast Cancer.,Clinical cancer research : an official journal of the American Association for Cancer Research,2021,"Clinical Trial, Phase I;Journal Article;Research Support, N.I.H., Extramural;Research Support, Non-U.S. Gov't"
39,pmid-24249715,"Brady SW, Zhang J, Seok D, Wang H, Yu D",24249715,PMC3902650,10.1158/1535-7163.MCT-13-0518,Enhanced PI3K p110α signaling confers acquired lapatinib resistance that can be effectively reversed by a p110α-selective PI3K inhibitor.,Molecular cancer therapeutics,2013,"Journal Article;Research Support, N.I.H., Extramural;Research Support, Non-U.S. Gov't"
40,pmid-32782489,"du Rusquec P, Blonz C, Frenel JS, Campone M",32782489,PMC7388095,10.1177/1758835920940939,Targeting the PI3K/Akt/mTOR pathway in estrogen-receptor positive HER2 negative advanced breast cancer.,Therapeutic advances in medical oncology,2020,Journal Article;Review
41,pmid-32817061,De Mattos-Arruda L,32817061,PMC7437706,10.1136/esmoopen-2020-000890,PIK3CA mutation inhibition in hormone receptor-positive breast cancer: time has come.,ESMO open,2020,"Editorial;Research Support, Non-U.S. Gov't"
42,pmid-35348782,Jacobson A,35348782,PMC8963159,10.1093/oncolo/oyac011,Alpelisib Plus Fulvestrant or Letrozole Demonstrates Sustained Benefits Across Subgroups of Patients with PIK3CA-Mutated HR+/HER2- Advanced Breast Cancer.,The oncologist,2022,Journal Article
43,pmid-41620612,"Shen S, Teysir J, Safonov A, et al.",41620612,PMC12964663,10.1186/s13058-025-02152-0,Sequential use of PI3K/AKT/mTOR pathway inhibitors alpelisib and everolimus in patients with hormone receptor-positive metastatic breast cancer.,Breast cancer research : BCR,2026,Journal Article;Observational Study
44,pmid-41079023,"Buonaiuto R, Fordellone M, Caltavituro A, et al.",41079023,PMC12514518,10.1016/j.eclinm.2025.103535,Efficacy and safety of systemic therapies following progression on CDK4/6 inhibitors in patients with HR+/HER2- metastatic breast cancer: a systematic review and network meta-analysis.,EClinicalMedicine,2025,Journal Article
45,pmid-27126994,"Mayer IA, Abramson VG, Formisano L, et al.",27126994,PMC5085926,10.1158/1078-0432.CCR-16-0134,"A Phase Ib Study of Alpelisib (BYL719), a PI3Kα-Specific Inhibitor, with Letrozole in ER+/HER2- Metastatic Breast Cancer.",Clinical cancer research : an official journal of the American Association for Cancer Research,2016,"Clinical Trial, Phase I;Journal Article;Multicenter Study"
46,pmid-34020697,"Jacquemetton J, Kassem L, Poulard C, et al.",34020697,PMC8139055,10.1186/s13058-021-01433-8,Analysis of genomic and non-genomic signaling of estrogen receptor in PDX models of breast cancer treated with a combination of the PI3K inhibitor alpelisib (BYL719) and fulvestrant.,Breast cancer research : BCR,2021,"Journal Article;Research Support, Non-U.S. Gov't"
47,pmid-37044095,"Auf der Maur P, Trefny MP, Baumann Z, et al.",37044095,PMC10140479,10.1016/j.xcrm.2023.101002,N-acetylcysteine overcomes NF1 loss-driven resistance to PI3Kα inhibition in breast cancer.,Cell reports. Medicine,2023,"Journal Article;Research Support, Non-U.S. Gov't"
48,pmid-34067117,"Badarni M, Prasad M, Golden A, et al.",34067117,PMC8125641,10.3390/cancers13092250,IGF2 Mediates Resistance to Isoform-Selective-Inhibitors of the PI3K in HPV Positive Head and Neck Cancer.,Cancers,2021,Journal Article
49,pmid-39839709,"Huebner H, Wimberger P, Laakmann E, et al.",39839709,PMC11748133,10.1093/pcmedi/pbae034,"Cell-free tumor DNA analysis in advanced or metastatic breast cancer patients: mutation frequencies, testing intention, and clinical impact.",Precision clinical medicine,2024,Journal Article
50,pmid-38473737,"Canino F, Tornincasa A, Bettelli S, et al.",38473737,PMC10931361,10.3390/ijms25052490,Real-World Data and Clinical Implications of Next-Generation Sequencing (NGS)-Based Analysis in Metastatic Breast Cancer Patients.,International journal of molecular sciences,2024,Journal Article
51,pmid-42351448,"Al-Shamsi HO, Abdelwahed N, Abdelwahab SI, et al.",42351448,PMC13298351,10.3390/diagnostics16121790,"Post-CDK4/6 Inhibitor Therapeutic Approaches in Hormone Receptor-Positive, HER2-Negative Metastatic Breast Cancer: Current Evidence and Emerging Strategies-A Narrative Review.","Diagnostics (Basel, Switzerland)",2026,Journal Article;Review
52,pmid-33976551,"Li C, Li X",33976551,PMC8104980,10.2147/OTT.S298720,"Advances in Therapy for Hormone Receptor (HR)-Positive, Human Epidermal Growth Factor Receptor 2 (HER2)-Negative Advanced Breast Cancer Patients Who Have Experienced Progression After Treatment with CDK4/6 Inhibitors.",OncoTargets and therapy,2021,Journal Article;Review
53,pmid-31852484,"Patel HK, Tao N, Lee KM, et al.",31852484,PMC6921513,10.1186/s13058-019-1230-0,Elacestrant (RAD1901) exhibits anti-tumor activity in multiple ER+ breast cancer models resistant to CDK4/6 inhibitors.,Breast cancer research : BCR,2019,"Journal Article;Research Support, Non-U.S. Gov't"
54,pmid-39935426,"Cejalvo Andújar JM, Ayala de la Peña F, Margeli Vila M, et al.",39935426,PMC11810462,10.20517/cdr.2024.169,Optimizing therapeutic approaches for HR+/HER2- advanced breast cancer: clinical perspectives on biomarkers and treatment strategies post-CDK4/6 inhibitor progression.,"Cancer drug resistance (Alhambra, Calif.)",2025,Journal Article;Review
55,pmid-42445743,Abdel-Razeq H,42445743,PMC13361340,10.2147/DDDT.S611371,Precision Endocrine-Based Combinations After CDK4/6 Inhibitor Progression in HR-Positive Metastatic Breast Cancer.,"Drug design, development and therapy",2026,Journal Article;Review
