subsection_id,paper_id,PMID,PMCID,DOI,title,why_full_text_needed,download_priority,user_action
SUB007,pmid-23903756,23903756,PMC3935768,10.1126/scitranslmed.3005747,mTORC1 inhibition is required for sensitivity to PI3K p110α inhibitors in PIK3CA-mutant breast cancer.,Primary evidence selected by semantic abstract review; full-text availability and usefulness must be resolved in the next step.,high,resolve_full_text_in_next_step
SUB008,pmid-24249715,24249715,PMC3902650,10.1158/1535-7163.MCT-13-0518,Enhanced PI3K p110α signaling confers acquired lapatinib resistance that can be effectively reversed by a p110α-selective PI3K inhibitor.,Primary evidence selected by semantic abstract review; full-text availability and usefulness must be resolved in the next step.,high,resolve_full_text_in_next_step
SUB008,pmid-24263233,24263233,PMC3849569,10.1038/emm.2013.115,Phosphoproteomic analysis identifies activated MET-axis PI3K/AKT and MAPK/ERK in lapatinib-resistant cancer cell line.,Primary evidence selected by semantic abstract review; full-text availability and usefulness must be resolved in the next step.,high,resolve_full_text_in_next_step
SUB008,pmid-24879796,24879796,unknown,10.1158/1078-0432.CCR-13-2769,Targeting PI3K/mTOR overcomes resistance to HER2-targeted therapy independent of feedback activation of AKT.,Primary evidence selected by semantic abstract review; full-text availability and usefulness must be resolved in the next step.,high,resolve_full_text_in_next_step
SUB001;SUB005;SUB010,pmid-25409150,25409150,PMC4326538,10.1038/nature13948,Convergent loss of PTEN leads to clinical resistance to a PI(3)Kα inhibitor.,Primary evidence selected by semantic abstract review; full-text availability and usefulness must be resolved in the next step.,high,resolve_full_text_in_next_step
SUB008,pmid-25528022,25528022,unknown,10.1007/s10549-014-3239-5,A preclinical evaluation of the PI3K alpha/delta dominant inhibitor BAY 80-6946 in HER2-positive breast cancer models with acquired resistance to the HER2-targeted therapies trastuzumab and lapatinib.,Primary evidence selected by semantic abstract review; full-text availability and usefulness must be resolved in the next step.,high,resolve_full_text_in_next_step
SUB007;SUB008,pmid-25873175,25873175,PMC4398915,10.1016/j.ccell.2015.03.010,AXL mediates resistance to PI3Kα inhibition by activating the EGFR/PKC/mTOR axis in head and neck and esophageal squamous cell carcinomas.,Primary evidence selected by semantic abstract review; full-text availability and usefulness must be resolved in the next step.,high,resolve_full_text_in_next_step
SUB001,pmid-25877889,25877889,PMC4433148,10.1126/scitranslmed.aaa4442,PI3K inhibition results in enhanced estrogen receptor function and dependence in hormone receptor-positive breast cancer.,Primary evidence selected by semantic abstract review; full-text availability and usefulness must be resolved in the next step.,high,resolve_full_text_in_next_step
SUB005;SUB007;SUB008,pmid-27048245,27048245,PMC4820873,10.1186/s13058-016-0697-1,Activation of IGF1R/p110β/AKT/mTOR confers resistance to α-specific PI3K inhibition.,Primary evidence selected by semantic abstract review; full-text availability and usefulness must be resolved in the next step.,high,resolve_full_text_in_next_step
SUB001;SUB002;SUB009,pmid-27126994,27126994,PMC5085926,10.1158/1078-0432.CCR-16-0134,"A Phase Ib Study of Alpelisib (BYL719), a PI3Kα-Specific Inhibitor, with Letrozole in ER+/HER2- Metastatic Breast Cancer.",Primary evidence selected by semantic abstract review; full-text availability and usefulness must be resolved in the next step.,high,resolve_full_text_in_next_step
SUB006;SUB007,pmid-27604488,27604488,PMC5050154,10.1158/2159-8290.CD-16-0305,Systematic Functional Characterization of Resistance to PI3K Inhibition in Breast Cancer.,Primary evidence selected by semantic abstract review; full-text availability and usefulness must be resolved in the next step.,high,resolve_full_text_in_next_step
SUB004,pmid-28129991,28129991,PMC5319926,10.1016/j.bmc.2017.01.012,Identification of allosteric binding sites for PI3Kα oncogenic mutant specific inhibitor design.,Primary evidence selected by semantic abstract review; full-text availability and usefulness must be resolved in the next step.,high,resolve_full_text_in_next_step
SUB008;SUB010,pmid-28382169,28382169,PMC5381259,10.7150/thno.17830,Integration of Receptor Tyrosine Kinases Determines Sensitivity to PI3Kα-selective Inhibitors in Breast Cancer.,Primary evidence selected by semantic abstract review; full-text availability and usefulness must be resolved in the next step.,high,resolve_full_text_in_next_step
SUB008,pmid-29231907,29231907,PMC5742817,10.3390/cancers9120169,Activated HGF-c-Met Axis in Head and Neck Cancer.,Primary evidence selected by semantic abstract review; full-text availability and usefulness must be resolved in the next step.,high,resolve_full_text_in_next_step
SUB001;SUB002,pmid-29401002,29401002,PMC5920739,10.1200/JCO.2017.72.7107,Phosphatidylinositol 3-Kinase α-Selective Inhibition With Alpelisib (BYL719) in PIK3CA-Altered Solid Tumors: Results From the First-in-Human Study.,Primary evidence selected by semantic abstract review; full-text availability and usefulness must be resolved in the next step.,high,resolve_full_text_in_next_step
SUB002;SUB008,pmid-29850984,29850984,unknown,10.1007/s10549-018-4792-0,Phase I study of alpelisib (BYL-719) and trastuzumab emtansine (T-DM1) in HER2-positive metastatic breast cancer (MBC) after trastuzumab and taxane therapy.,Primary evidence selected by semantic abstract review; full-text availability and usefulness must be resolved in the next step.,high,resolve_full_text_in_next_step
SUB007,pmid-29895527,29895527,PMC7439002,10.1530/ERC-18-0159,The role of GSK3 and its reversal with GSK3 antagonism in everolimus resistance.,Primary evidence selected by semantic abstract review; full-text availability and usefulness must be resolved in the next step.,high,resolve_full_text_in_next_step
SUB007,pmid-30115483,30115483,unknown,10.1016/j.oraloncology.2018.07.010,ERK-TSC2 signalling in constitutively-active HRAS mutant HNSCC cells promotes resistance to PI3K inhibition.,Primary evidence selected by semantic abstract review; full-text availability and usefulness must be resolved in the next step.,high,resolve_full_text_in_next_step
SUB002,pmid-30167089,30167089,PMC6114962,10.18632/oncotarget.25854,"A Phase Ib, open-label, dose-finding study of alpelisib in combination with paclitaxel in patients with advanced solid tumors.",Primary evidence selected by semantic abstract review; full-text availability and usefulness must be resolved in the next step.,high,resolve_full_text_in_next_step
SUB004,pmid-30245395,30245395,unknown,10.1016/j.ejmech.2018.09.002,"Synthesis, biological evaluation and structure-activity relationship of a novel class of PI3Kα H1047R mutant inhibitors.",Primary evidence selected by semantic abstract review; full-text availability and usefulness must be resolved in the next step.,high,resolve_full_text_in_next_step
SUB002,pmid-30413407,30413407,unknown,10.1158/2159-8290.CD-NB2018-146,Alpelisib Extends PFS in PIK3CA-Mutant Breast Cancer.,Primary evidence selected by semantic abstract review; full-text availability and usefulness must be resolved in the next step.,high,resolve_full_text_in_next_step
SUB001;SUB002;SUB009,pmid-30543347,30543347,PMC6439561,10.1001/jamaoncol.2018.4475,Alpelisib Plus Fulvestrant in PIK3CA-Altered and PIK3CA-Wild-Type Estrogen Receptor-Positive Advanced Breast Cancer: A Phase 1b Clinical Trial.,Primary evidence selected by semantic abstract review; full-text availability and usefulness must be resolved in the next step.,high,resolve_full_text_in_next_step
SUB002,pmid-30588709,30588709,PMC6398875,10.1111/cas.13923,"Phase I study of alpelisib (BYL719), an α-specific PI3K inhibitor, in Japanese patients with advanced solid tumors.",Primary evidence selected by semantic abstract review; full-text availability and usefulness must be resolved in the next step.,high,resolve_full_text_in_next_step
SUB010,pmid-30860495,30860495,PMC6538319,10.1172/jci.insight.125341,Repression of AXL expression by AP-1/JNK blockage overcomes resistance to PI3Ka therapy.,Primary evidence selected by semantic abstract review; full-text availability and usefulness must be resolved in the next step.,high,resolve_full_text_in_next_step
SUB001;SUB002;SUB009,pmid-31091374,31091374,unknown,10.1056/NEJMoa1813904,"Alpelisib for PIK3CA-Mutated, Hormone Receptor-Positive Advanced Breast Cancer.",Primary evidence selected by semantic abstract review; full-text availability and usefulness must be resolved in the next step.,high,resolve_full_text_in_next_step
SUB009,pmid-31494037,31494037,unknown,10.1016/S1470-2045(19)30420-6,"Endocrine treatment versus chemotherapy in postmenopausal women with hormone receptor-positive, HER2-negative, metastatic breast cancer: a systematic review and network meta-analysis.",Primary evidence selected by semantic abstract review; full-text availability and usefulness must be resolved in the next step.,high,resolve_full_text_in_next_step
SUB009,pmid-31852484,31852484,PMC6921513,10.1186/s13058-019-1230-0,Elacestrant (RAD1901) exhibits anti-tumor activity in multiple ER+ breast cancer models resistant to CDK4/6 inhibitors.,Primary evidence selected by semantic abstract review; full-text availability and usefulness must be resolved in the next step.,high,resolve_full_text_in_next_step
SUB009,pmid-31859350,31859350,PMC6923785,10.1093/annonc/mdz280,Biomarkers of response and resistance to PI3K inhibitors in estrogen receptor-positive breast cancer patients and combination therapies involving PI3K inhibitors.,Primary evidence selected by semantic abstract review; full-text availability and usefulness must be resolved in the next step.,high,resolve_full_text_in_next_step
SUB009,pmid-32252811,32252811,PMC7137211,10.1186/s13058-020-01271-0,Everolimus versus alpelisib in advanced hormone receptor-positive HER2-negative breast cancer: targeting different nodes of the PI3K/AKT/mTORC1 pathway with different clinical implications.,Primary evidence selected by semantic abstract review; full-text availability and usefulness must be resolved in the next step.,high,resolve_full_text_in_next_step
SUB001,pmid-32404150,32404150,PMC7222307,10.1186/s13058-020-01284-9,Frequency and spectrum of PIK3CA somatic mutations in breast cancer.,Primary evidence selected by semantic abstract review; full-text availability and usefulness must be resolved in the next step.,high,resolve_full_text_in_next_step
SUB009,pmid-32415339,32415339,unknown,10.1007/s11912-020-00917-8,Sequencing Endocrine Therapy for Metastatic Breast Cancer: What Do We Do After Disease Progression on a CDK4/6 Inhibitor?,Primary evidence selected by semantic abstract review; full-text availability and usefulness must be resolved in the next step.,high,resolve_full_text_in_next_step
SUB002;SUB009,pmid-32416251,32416251,unknown,10.1016/j.annonc.2020.05.001,Time course and management of key adverse events during the randomized phase III SOLAR-1 study of PI3K inhibitor alpelisib plus fulvestrant in patients with HR-positive advanced breast cancer.,Primary evidence selected by semantic abstract review; full-text availability and usefulness must be resolved in the next step.,high,resolve_full_text_in_next_step
SUB001,pmid-32591580,32591580,PMC7319999,10.1038/s41598-020-67393-9,Real world data analysis of next generation sequencing and protein expression in metastatic breast cancer patients.,Primary evidence selected by semantic abstract review; full-text availability and usefulness must be resolved in the next step.,high,resolve_full_text_in_next_step
SUB009,pmid-32782489,32782489,PMC7388095,10.1177/1758835920940939,Targeting the PI3K/Akt/mTOR pathway in estrogen-receptor positive HER2 negative advanced breast cancer.,Primary evidence selected by semantic abstract review; full-text availability and usefulness must be resolved in the next step.,high,resolve_full_text_in_next_step
SUB002,pmid-32817061,32817061,PMC7437706,10.1136/esmoopen-2020-000890,PIK3CA mutation inhibition in hormone receptor-positive breast cancer: time has come.,Primary evidence selected by semantic abstract review; full-text availability and usefulness must be resolved in the next step.,high,resolve_full_text_in_next_step
SUB002;SUB005;SUB009,pmid-32864625,32864625,PMC7450824,10.1038/s43018-020-0047-1,Alterations in PTEN and ESR1 promote clinical resistance to alpelisib plus aromatase inhibitors.,Primary evidence selected by semantic abstract review; full-text availability and usefulness must be resolved in the next step.,high,resolve_full_text_in_next_step
SUB001,pmid-32869930,32869930,PMC7648336,10.1634/theoncologist.2020-0449,Biomarkers in Breast Cancer: An Integrated Analysis of Comprehensive Genomic Profiling and PD-L1 Immunohistochemistry Biomarkers in 312 Patients with Breast Cancer.,Primary evidence selected by semantic abstract review; full-text availability and usefulness must be resolved in the next step.,high,resolve_full_text_in_next_step
SUB009,pmid-32887722,32887722,unknown,10.1158/1078-0432.CCR-20-0645,Phase Ib Study of Ribociclib plus Fulvestrant and Ribociclib plus Fulvestrant plus PI3K Inhibitor (Alpelisib or Buparlisib) for HR+ Advanced Breast Cancer.,Primary evidence selected by semantic abstract review; full-text availability and usefulness must be resolved in the next step.,high,resolve_full_text_in_next_step
SUB009,pmid-32964734,32964734,unknown,10.2217/fon-2020-0464,Alpelisib in the treatment of metastatic HR+ breast cancer with PIK3CA mutations.,Primary evidence selected by semantic abstract review; full-text availability and usefulness must be resolved in the next step.,high,resolve_full_text_in_next_step
SUB007,pmid-33024087,33024087,PMC7538592,10.1038/s41419-020-03037-0,CD44/HA signaling mediates acquired resistance to a PI3Kα inhibitor.,Primary evidence selected by semantic abstract review; full-text availability and usefulness must be resolved in the next step.,high,resolve_full_text_in_next_step
SUB007,pmid-33036331,33036331,PMC7601167,10.3390/jcm9103214,CDK 4/6 Inhibition Overcomes Acquired and Inherent Resistance to PI3Kα Inhibition in Pre-Clinical Models of Head and Neck Squamous Cell Carcinoma.,Primary evidence selected by semantic abstract review; full-text availability and usefulness must be resolved in the next step.,high,resolve_full_text_in_next_step
SUB010,pmid-33059733,33059733,PMC7559997,10.1186/s13046-020-01713-9,TAM family receptors in conjunction with MAPK signalling are involved in acquired resistance to PI3Kα inhibition in head and neck squamous cell carcinoma.,Primary evidence selected by semantic abstract review; full-text availability and usefulness must be resolved in the next step.,high,resolve_full_text_in_next_step
SUB009,pmid-33168657,33168657,PMC8535764,10.1158/1078-0432.CCR-20-3652,"FDA Approval Summary: Alpelisib Plus Fulvestrant for Patients with HR-positive, HER2-negative, PIK3CA-mutated, Advanced or Metastatic Breast Cancer.",Primary evidence selected by semantic abstract review; full-text availability and usefulness must be resolved in the next step.,high,resolve_full_text_in_next_step
SUB009,pmid-33190190,33190190,PMC7854469,10.1007/s12325-020-01552-2,"Clinical Challenges in the Management of Hormone Receptor-Positive, Human Epidermal Growth Factor Receptor 2-Negative Metastatic Breast Cancer: A Literature Review.",Primary evidence selected by semantic abstract review; full-text availability and usefulness must be resolved in the next step.,high,resolve_full_text_in_next_step
SUB009,pmid-33213227,33213227,unknown,10.1080/17425255.2021.1844662,"A pharmacokinetic evaluation of alpelisib for the treatment of HR+, HER2-negative, PIK3CA-mutated advanced or metastatic breast cancer.",Primary evidence selected by semantic abstract review; full-text availability and usefulness must be resolved in the next step.,high,resolve_full_text_in_next_step
SUB001;SUB002,pmid-33246021,33246021,unknown,10.1016/j.annonc.2020.11.011,"Alpelisib plus fulvestrant for PIK3CA-mutated, hormone receptor-positive, human epidermal growth factor receptor-2-negative advanced breast cancer: final overall survival results from SOLAR-1.",Primary evidence selected by semantic abstract review; full-text availability and usefulness must be resolved in the next step.,high,resolve_full_text_in_next_step
SUB001,pmid-33386585,33386585,PMC8065000,10.1007/s12282-020-01199-5,PIK3CA somatic alterations in invasive breast cancers: different spectrum from Caucasians to Chinese detected by next generation sequencing.,Primary evidence selected by semantic abstract review; full-text availability and usefulness must be resolved in the next step.,high,resolve_full_text_in_next_step
SUB009,pmid-33520003,33520003,PMC7829038,10.1007/s12254-021-00674-9,ASCO 2020: highlights in breast cancer.,Primary evidence selected by semantic abstract review; full-text availability and usefulness must be resolved in the next step.,high,resolve_full_text_in_next_step
SUB002,pmid-33575071,33575071,PMC7646628,10.6004/jadpro.2020.11.7.9,Alpelisib: A Novel Therapy for Patients With PIK3CA-Mutated Metastatic Breast Cancer.,Primary evidence selected by semantic abstract review; full-text availability and usefulness must be resolved in the next step.,high,resolve_full_text_in_next_step
SUB001;SUB002,pmid-33602685,33602685,PMC8282704,10.1158/1078-0432.CCR-20-4879,Clinical and Biomarker Results from Phase I/II Study of PI3K Inhibitor Alpelisib plus Nab-paclitaxel in HER2-Negative Metastatic Breast Cancer.,Primary evidence selected by semantic abstract review; full-text availability and usefulness must be resolved in the next step.,high,resolve_full_text_in_next_step
SUB002,pmid-33622114,33622114,unknown,10.1080/14656566.2021.1873952,"Alpelisib for the treatment of PIK3CA-mutated, hormone receptor-positive, HER2-negative metastatic breast cancer.",Primary evidence selected by semantic abstract review; full-text availability and usefulness must be resolved in the next step.,high,resolve_full_text_in_next_step
SUB007,pmid-33668685,33668685,PMC7918312,10.3390/ijms22041882,"PRKAR1B-AS2 Long Noncoding RNA Promotes Tumorigenesis, Survival, and Chemoresistance via the PI3K/AKT/mTOR Pathway.",Primary evidence selected by semantic abstract review; full-text availability and usefulness must be resolved in the next step.,high,resolve_full_text_in_next_step
SUB001;SUB002,pmid-33780274,33780274,PMC8210974,10.1200/JCO.20.01139,"Patient-Reported Outcomes in Patients With PIK3CA-Mutated Hormone Receptor-Positive, Human Epidermal Growth Factor Receptor 2-Negative Advanced Breast Cancer From SOLAR-1.",Primary evidence selected by semantic abstract review; full-text availability and usefulness must be resolved in the next step.,high,resolve_full_text_in_next_step
SUB001;SUB002;SUB009,pmid-33794206,33794206,unknown,10.1016/S1470-2045(21)00034-6,"Alpelisib plus fulvestrant in PIK3CA-mutated, hormone receptor-positive advanced breast cancer after a CDK4/6 inhibitor (BYLieve): one cohort of a phase 2, multicentre, open-label, non-comparative study.",Primary evidence selected by semantic abstract review; full-text availability and usefulness must be resolved in the next step.,high,resolve_full_text_in_next_step
SUB001;SUB009,pmid-33909934,33909934,PMC8265362,10.1002/onco.13804,"Effectiveness of Alpelisib + Fulvestrant Compared with Real-World Standard Treatment Among Patients with HR+, HER2-, PIK3CA-Mutated Breast Cancer.",Primary evidence selected by semantic abstract review; full-text availability and usefulness must be resolved in the next step.,high,resolve_full_text_in_next_step
SUB008,pmid-33947692,33947692,PMC8282678,10.1158/1078-0432.CCR-21-0047,A Phase I Study of Alpelisib in Combination with Trastuzumab and LJM716 in Patients with PIK3CA-Mutated HER2-Positive Metastatic Breast Cancer.,Primary evidence selected by semantic abstract review; full-text availability and usefulness must be resolved in the next step.,high,resolve_full_text_in_next_step
SUB009,pmid-33976551,33976551,PMC8104980,10.2147/OTT.S298720,"Advances in Therapy for Hormone Receptor (HR)-Positive, Human Epidermal Growth Factor Receptor 2 (HER2)-Negative Advanced Breast Cancer Patients Who Have Experienced Progression After Treatment with CDK4/6 Inhibitors.",Primary evidence selected by semantic abstract review; full-text availability and usefulness must be resolved in the next step.,high,resolve_full_text_in_next_step
SUB002,pmid-34012367,34012367,PMC8114069,10.1159/000514794,First Experiences with Alpelisib in Clinical Routine: Case Reports from a German Breast Center.,Primary evidence selected by semantic abstract review; full-text availability and usefulness must be resolved in the next step.,high,resolve_full_text_in_next_step
SUB010,pmid-34020697,34020697,PMC8139055,10.1186/s13058-021-01433-8,Analysis of genomic and non-genomic signaling of estrogen receptor in PDX models of breast cancer treated with a combination of the PI3K inhibitor alpelisib (BYL719) and fulvestrant.,Primary evidence selected by semantic abstract review; full-text availability and usefulness must be resolved in the next step.,high,resolve_full_text_in_next_step
SUB009,pmid-34047239,34047239,unknown,10.1080/14740338.2021.1931116,"Efficacy and safety of CDK4/6 and PI3K/AKT/mTOR inhibitors as second-line treatment in postmenopausal patients with hormone receptor-positive, HER-2-negative metastatic breast cancer: a network meta-analysis.",Primary evidence selected by semantic abstract review; full-text availability and usefulness must be resolved in the next step.,high,resolve_full_text_in_next_step
SUB010,pmid-34067117,34067117,PMC8125641,10.3390/cancers13092250,IGF2 Mediates Resistance to Isoform-Selective-Inhibitors of the PI3K in HPV Positive Head and Neck Cancer.,Primary evidence selected by semantic abstract review; full-text availability and usefulness must be resolved in the next step.,high,resolve_full_text_in_next_step
SUB002,pmid-34084688,34084688,PMC8166359,10.7759/cureus.14796,Alpelisib-Induced Diabetic Ketoacidosis.,Primary evidence selected by semantic abstract review; full-text availability and usefulness must be resolved in the next step.,high,resolve_full_text_in_next_step
SUB001,pmid-34173298,34173298,PMC8262312,10.1002/onco.13873,Potential for Long-Term Disease Control with Alpelisib Plus Fulvestrant Spans Patient Subgroups in HR+ PIK3CA-Mutated Advanced Breast Cancer.,Primary evidence selected by semantic abstract review; full-text availability and usefulness must be resolved in the next step.,high,resolve_full_text_in_next_step
SUB003,pmid-34544753,34544753,PMC9762331,10.1158/2159-8290.CD-21-0072,RTK-Dependent Inducible Degradation of Mutant PI3Kα Drives GDC-0077 (Inavolisib) Efficacy.,Primary evidence selected by semantic abstract review; full-text availability and usefulness must be resolved in the next step.,high,resolve_full_text_in_next_step
SUB007,pmid-34552006,34552006,unknown,10.1158/1535-7163.MCT-20-0981,Phosphoproteomics Identifies PI3K Inhibitor-selective Adaptive Responses in Pancreatic Cancer Cell Therapy and Resistance.,Primary evidence selected by semantic abstract review; full-text availability and usefulness must be resolved in the next step.,high,resolve_full_text_in_next_step
SUB001,pmid-34754095,34754095,PMC8810831,10.1038/s41416-021-01601-9,Sensitive and robust liquid biopsy-based detection of PIK3CA mutations in hormone-receptor-positive metastatic breast cancer patients.,Primary evidence selected by semantic abstract review; full-text availability and usefulness must be resolved in the next step.,high,resolve_full_text_in_next_step
SUB002,pmid-35000092,35000092,unknown,10.1007/s10549-021-06476-1,"Factors leading to alpelisib discontinuation in patients with hormone receptor positive, human epidermal growth factor receptor-2 negative breast cancer.",Primary evidence selected by semantic abstract review; full-text availability and usefulness must be resolved in the next step.,high,resolve_full_text_in_next_step
SUB003,pmid-35022207,35022207,PMC7612218,10.1158/2159-8290.CD-21-1411,Precision Targeting of Mutant PI3Kα in Cancer by Selective Degradation.,Primary evidence selected by semantic abstract review; full-text availability and usefulness must be resolved in the next step.,high,resolve_full_text_in_next_step
SUB002,pmid-35075945,35075945,PMC8793384,10.1177/15347354211073163,Management of Phosphatidylinositol-3-Kinase Inhibitor-Associated Hyperglycemia.,Primary evidence selected by semantic abstract review; full-text availability and usefulness must be resolved in the next step.,high,resolve_full_text_in_next_step
SUB002,pmid-35178031,35178031,PMC8843667,10.3389/fendo.2022.802612,"Alpelisib-Induced Diabetes Mellitus: Case Report, Pharmacodynamics and Management Considerations.",Primary evidence selected by semantic abstract review; full-text availability and usefulness must be resolved in the next step.,high,resolve_full_text_in_next_step
SUB001,pmid-35181669,35181669,PMC8857304,10.1038/s41523-022-00382-5,PIK3CA co-occurring mutations and copy-number gain in hormone receptor positive and HER2 negative breast cancer.,Primary evidence selected by semantic abstract review; full-text availability and usefulness must be resolved in the next step.,high,resolve_full_text_in_next_step
SUB001;SUB002;SUB009,pmid-35348782,35348782,PMC8963159,10.1093/oncolo/oyac011,Alpelisib Plus Fulvestrant or Letrozole Demonstrates Sustained Benefits Across Subgroups of Patients with PIK3CA-Mutated HR+/HER2- Advanced Breast Cancer.,Primary evidence selected by semantic abstract review; full-text availability and usefulness must be resolved in the next step.,high,resolve_full_text_in_next_step
SUB002,pmid-35712858,35712858,PMC9210085,10.1177/23247096221105249,S.U.G.A.R: A Case to Outline Tactics for the Prevention of Alpelisib-Induced Hyperglycemia.,Primary evidence selected by semantic abstract review; full-text availability and usefulness must be resolved in the next step.,high,resolve_full_text_in_next_step
SUB001;SUB002,pmid-35771551,35771551,unknown,10.1158/2159-8290.CD-21-1696,"Alpelisib Monotherapy for PI3K-Altered, Pretreated Advanced Breast Cancer: A Phase II Study.",Primary evidence selected by semantic abstract review; full-text availability and usefulness must be resolved in the next step.,high,resolve_full_text_in_next_step
SUB008,pmid-35968355,35968355,PMC9360227,unknown,PI3K inhibitors in trastuzumab-resistant HER2-positive breast cancer cells with PI3K pathway alterations.,Primary evidence selected by semantic abstract review; full-text availability and usefulness must be resolved in the next step.,high,resolve_full_text_in_next_step
SUB009,pmid-35982377,35982377,unknown,10.1007/s11427-021-2140-8,Overexpressed Cyclin D1 and CDK4 proteins are responsible for the resistance to CDK4/6 inhibitor in breast cancer that can be reversed by PI3K/mTOR inhibitors.,Primary evidence selected by semantic abstract review; full-text availability and usefulness must be resolved in the next step.,high,resolve_full_text_in_next_step
SUB002,pmid-36292649,36292649,PMC9601363,10.3390/genes13101763,Alpelisib Efficacy in Hormone Receptor-Positive HER2-Negative PIK3CA-Mutant Advanced Breast Cancer Post-Everolimus Treatment.,Primary evidence selected by semantic abstract review; full-text availability and usefulness must be resolved in the next step.,high,resolve_full_text_in_next_step
SUB001,pmid-36321996,36321996,PMC10011882,10.1158/1078-0432.CCR-22-2115,Biology and Targetability of the Extended Spectrum of PIK3CA Mutations Detected in Breast Carcinoma.,Primary evidence selected by semantic abstract review; full-text availability and usefulness must be resolved in the next step.,high,resolve_full_text_in_next_step
SUB001,pmid-36367572,36367572,PMC10067656,10.1007/s00428-022-03445-x,Proficiency testing of PIK3CA mutations in HR+/HER2-breast cancer on liquid biopsy and tissue.,Primary evidence selected by semantic abstract review; full-text availability and usefulness must be resolved in the next step.,high,resolve_full_text_in_next_step
SUB001,pmid-36387506,36387506,PMC9650006,10.1016/j.heliyon.2022.e11396,Chip-based digital Polymerase Chain Reaction as quantitative technique for the detection of PIK3CA mutations in breast cancer patients.,Primary evidence selected by semantic abstract review; full-text availability and usefulness must be resolved in the next step.,high,resolve_full_text_in_next_step
SUB001,pmid-36428975,36428975,PMC9688837,10.3390/cells11223545,Analytical Performance of Next-Generation Sequencing and RT-PCR on Formalin-Fixed Paraffin-Embedded Tumor Tissues for PIK3CA Testing in HR+/HER2- Breast Cancer.,Primary evidence selected by semantic abstract review; full-text availability and usefulness must be resolved in the next step.,high,resolve_full_text_in_next_step
SUB003,pmid-36455032,36455032,unknown,10.1021/acs.jmedchem.2c01422,"Discovery of GDC-0077 (Inavolisib), a Highly Selective Inhibitor and Degrader of Mutant PI3Kα.",Primary evidence selected by semantic abstract review; full-text availability and usefulness must be resolved in the next step.,high,resolve_full_text_in_next_step
SUB001,pmid-36579519,36579519,PMC9694420,10.3390/jpm12111793,PIK3CAMutations in Breast Cancer Subtypes Other Than HR-Positive/HER2-Negative.,Primary evidence selected by semantic abstract review; full-text availability and usefulness must be resolved in the next step.,high,resolve_full_text_in_next_step
SUB001,pmid-36611120,36611120,unknown,10.1038/s41388-022-02585-3,Alpelisib and fulvestrant in PIK3CA-mutated hormone receptor-positive HER2-negative advanced breast cancer included in the French early access program.,Primary evidence selected by semantic abstract review; full-text availability and usefulness must be resolved in the next step.,high,resolve_full_text_in_next_step
SUB008,pmid-36913051,36913051,PMC10147754,10.1007/s10549-023-06895-2,"Antitumor activity of the PI3K δ-sparing inhibitor MEN1611 in PIK3CA mutated, trastuzumab-resistant HER2 + breast cancer.",Primary evidence selected by semantic abstract review; full-text availability and usefulness must be resolved in the next step.,high,resolve_full_text_in_next_step
SUB007;SUB010,pmid-37044095,37044095,PMC10140479,10.1016/j.xcrm.2023.101002,N-acetylcysteine overcomes NF1 loss-driven resistance to PI3Kα inhibition in breast cancer.,Primary evidence selected by semantic abstract review; full-text availability and usefulness must be resolved in the next step.,high,resolve_full_text_in_next_step
SUB001,pmid-37101291,37101291,PMC10131374,10.1186/s13073-023-01181-8,"Multiple PIK3CA mutation clonality correlates with outcomes in taselisib + fulvestrant-treated ER+/HER2-, PIK3CA-mutated breast cancers.",Primary evidence selected by semantic abstract review; full-text availability and usefulness must be resolved in the next step.,high,resolve_full_text_in_next_step
SUB002,pmid-37163178,37163178,PMC10164376,10.2147/BTT.S395817,Treating Alpelisib-Induced Hyperinsulinemia in Patients with Advanced Breast Cancer - A Real-Life Experience.,Primary evidence selected by semantic abstract review; full-text availability and usefulness must be resolved in the next step.,high,resolve_full_text_in_next_step
SUB007,pmid-37339176,37339176,PMC10543974,10.1158/0008-5472.CAN-23-0282,Tipifarnib Potentiates the Antitumor Effects of PI3Kα Inhibition in PIK3CA- and HRAS-Dysregulated HNSCC via Convergent Inhibition of mTOR Activity.,Primary evidence selected by semantic abstract review; full-text availability and usefulness must be resolved in the next step.,high,resolve_full_text_in_next_step
SUB008,pmid-37348428,37348428,PMC10314290,10.1016/j.neo.2023.100913,P110α inhibitor alpelisib exhibits a synergistic effect with pyrotinib and reverses pyrotinib resistant in HER2+ breast cancer.,Primary evidence selected by semantic abstract review; full-text availability and usefulness must be resolved in the next step.,high,resolve_full_text_in_next_step
SUB008,pmid-37501404,37501404,PMC10701778,10.1002/1878-0261.13500,Activation of the EGFR/PI3K/AKT pathway limits the efficacy of trametinib treatment in head and neck cancer.,Primary evidence selected by semantic abstract review; full-text availability and usefulness must be resolved in the next step.,high,resolve_full_text_in_next_step
SUB008,pmid-37553597,37553597,PMC10408073,10.1186/s12885-023-11243-0,BYL719 reverses gefitinib-resistance induced by PI3K/AKT activation in non-small cell lung cancer cells.,Primary evidence selected by semantic abstract review; full-text availability and usefulness must be resolved in the next step.,high,resolve_full_text_in_next_step
SUB004,pmid-37623743,37623743,PMC10618743,10.1158/2159-8290.CD-23-0396,"STX-478, a Mutant-Selective, Allosteric PI3Kα Inhibitor Spares Metabolic Dysfunction and Improves Therapeutic Response in PI3Kα-Mutant Xenografts.",Primary evidence selected by semantic abstract review; full-text availability and usefulness must be resolved in the next step.,high,resolve_full_text_in_next_step
SUB002,pmid-37704834,37704834,unknown,10.1007/s10549-023-07110-y,Sodium-glucose cotransporter-2 inhibitors for hypergycemia in phosphoinositide 3-kinase pathway inhibition.,Primary evidence selected by semantic abstract review; full-text availability and usefulness must be resolved in the next step.,high,resolve_full_text_in_next_step
SUB002,pmid-37743730,37743730,PMC10863751,10.1002/cncr.34928,"Incidence, risk factors, and management of alpelisib-associated hyperglycemia in metastatic breast cancer.",Primary evidence selected by semantic abstract review; full-text availability and usefulness must be resolved in the next step.,high,resolve_full_text_in_next_step
SUB001,pmid-37761256,37761256,PMC10528120,10.3390/diagnostics13182887,Next-Generation Sequencing-Based Analysis of Clinical and Pathological Features of PIK3CA-Mutated Breast Cancer.,Primary evidence selected by semantic abstract review; full-text availability and usefulness must be resolved in the next step.,high,resolve_full_text_in_next_step
SUB004,pmid-37916956,37916956,PMC10850943,10.1158/2159-8290.CD-23-0944,"Discovery and Clinical Proof-of-Concept of RLY-2608, a First-in-Class Mutant-Selective Allosteric PI3Kα Inhibitor That Decouples Antitumor Activity from Hyperinsulinemia.",Primary evidence selected by semantic abstract review; full-text availability and usefulness must be resolved in the next step.,high,resolve_full_text_in_next_step
SUB004;SUB006,pmid-37916958,37916958,PMC10850944,10.1158/2159-8290.CD-23-0704,Allosteric PI3Kα Inhibition Overcomes On-target Resistance to Orthosteric Inhibitors Mediated by Secondary PIK3CA Mutations.,Primary evidence selected by semantic abstract review; full-text availability and usefulness must be resolved in the next step.,high,resolve_full_text_in_next_step
SUB007,pmid-37943630,37943630,unknown,10.1530/ERC-23-0041,Impact of the PI3K-alpha inhibitor alpelisib on everolimus resistance and somatostatin receptor expression in an orthotopic pancreatic NEC xenograft mouse model.,Primary evidence selected by semantic abstract review; full-text availability and usefulness must be resolved in the next step.,high,resolve_full_text_in_next_step
SUB002;SUB009,pmid-37975961,37975961,unknown,10.1007/s40261-023-01325-z,"Is Alpelisib Plus Fulvestrant Cost-Effective for Treating PIK3CA-Mutation, HR+/HER2- Advanced Breast Cancer in the USA?",Primary evidence selected by semantic abstract review; full-text availability and usefulness must be resolved in the next step.,high,resolve_full_text_in_next_step
SUB001,pmid-38473737,38473737,PMC10931361,10.3390/ijms25052490,Real-World Data and Clinical Implications of Next-Generation Sequencing (NGS)-Based Analysis in Metastatic Breast Cancer Patients.,Primary evidence selected by semantic abstract review; full-text availability and usefulness must be resolved in the next step.,high,resolve_full_text_in_next_step
SUB002,pmid-38496864,38496864,PMC10944239,10.1016/j.heliyon.2024.e27529,A real-world disproportionality analysis of FDA adverse event reporting system (FAERS) events for alpelisib.,Primary evidence selected by semantic abstract review; full-text availability and usefulness must be resolved in the next step.,high,resolve_full_text_in_next_step
SUB002,pmid-38584192,38584192,PMC11182811,10.1007/s10549-024-07315-9,Body composition measures as a determinant of Alpelisib related toxicity.,Primary evidence selected by semantic abstract review; full-text availability and usefulness must be resolved in the next step.,high,resolve_full_text_in_next_step
SUB002,pmid-38638399,38638399,PMC11024566,10.1016/j.eclinm.2024.102520,"Preventing alpelisib-related hyperglycaemia in HR+/HER2-/PIK3CA-mutated advanced breast cancer using metformin (METALLICA): a multicentre, open-label, single-arm, phase 2 trial.",Primary evidence selected by semantic abstract review; full-text availability and usefulness must be resolved in the next step.,high,resolve_full_text_in_next_step
SUB008,pmid-38986734,38986734,unknown,10.1016/j.canlet.2024.217112,PI3K PROTAC overcomes the lapatinib resistance in PIK3CA-mutant HER2 positive breast cancer.,Primary evidence selected by semantic abstract review; full-text availability and usefulness must be resolved in the next step.,high,resolve_full_text_in_next_step
SUB002,pmid-39070139,39070139,PMC11272611,10.3389/fonc.2024.1390452,"Phase Ib and pharmacokinetics study of alpelisib, a PIK3CA inhibitor, and capecitabine in patients with advanced solid tumors.",Primary evidence selected by semantic abstract review; full-text availability and usefulness must be resolved in the next step.,high,resolve_full_text_in_next_step
SUB002,pmid-39177931,39177931,PMC11452482,10.1007/s10549-024-07405-8,SGLT2 inhibition improves PI3Kα inhibitor-induced hyperglycemia: findings from preclinical animal models and from patients in the BYLieve and SOLAR-1 trials.,Primary evidence selected by semantic abstract review; full-text availability and usefulness must be resolved in the next step.,high,resolve_full_text_in_next_step
SUB002,pmid-39217059,39217059,PMC11840667,10.1016/j.clbc.2024.08.001,A Phase I Trial of Alpelisib Combined With Capecitabine in Patients With HER2-Negative Metastatic Breast Cancer.,Primary evidence selected by semantic abstract review; full-text availability and usefulness must be resolved in the next step.,high,resolve_full_text_in_next_step
SUB003,pmid-39236276,39236276,PMC11575912,10.1200/JCO.24.00110,"Phase I/Ib Trial of Inavolisib Plus Palbociclib and Endocrine Therapy for PIK3CA-Mutated, Hormone Receptor-Positive, Human Epidermal Growth Factor Receptor 2-Negative Advanced or Metastatic Breast Cancer.",Primary evidence selected by semantic abstract review; full-text availability and usefulness must be resolved in the next step.,high,resolve_full_text_in_next_step
SUB008,pmid-39469631,39469631,PMC11514072,10.3389/fphar.2024.1443422,Effects of BYL-719 (alpelisib) on human breast cancer stem cells to overcome drug resistance in human breast cancer.,Primary evidence selected by semantic abstract review; full-text availability and usefulness must be resolved in the next step.,high,resolve_full_text_in_next_step
SUB009,pmid-39476340,39476340,unknown,10.1056/NEJMoa2404625,Inavolisib-Based Therapy in PIK3CA-Mutated Advanced Breast Cancer.,Primary evidence selected by semantic abstract review; full-text availability and usefulness must be resolved in the next step.,high,resolve_full_text_in_next_step
SUB002,pmid-39539943,39539943,PMC11558728,10.1177/17588359241297101,Elacestrant plus alpelisib in an ESR1 and PIK3CA co-mutated and heavily pretreated metastatic breast cancer: the first case report for combination efficacy and safety.,Primary evidence selected by semantic abstract review; full-text availability and usefulness must be resolved in the next step.,high,resolve_full_text_in_next_step
SUB001,pmid-39596311,39596311,PMC11594956,10.3390/ijms252212246,Molecular Analysis of PIK3CA in Metastatic Hormone Receptor-Positive Breast Cancer in Chile: Clinical and Pathological Insights.,Primary evidence selected by semantic abstract review; full-text availability and usefulness must be resolved in the next step.,high,resolve_full_text_in_next_step
SUB001;SUB002;SUB009,pmid-39637900,39637900,unknown,10.1016/S1470-2045(24)00673-9,"Alpelisib plus fulvestrant in PIK3CA-mutated, hormone receptor-positive advanced breast cancer after a CDK4/6 inhibitor (BYLieve): one cohort of a phase 2, multicentre, open-label, non-comparative study.",Primary evidence selected by semantic abstract review; full-text availability and usefulness must be resolved in the next step.,high,resolve_full_text_in_next_step
SUB001,pmid-39839709,39839709,PMC11748133,10.1093/pcmedi/pbae034,"Cell-free tumor DNA analysis in advanced or metastatic breast cancer patients: mutation frequencies, testing intention, and clinical impact.",Primary evidence selected by semantic abstract review; full-text availability and usefulness must be resolved in the next step.,high,resolve_full_text_in_next_step
SUB009,pmid-39851969,39851969,PMC11763720,10.3390/curroncol32010053,Systematic Review and Network Meta-Analysis on Treating Hormone Receptor-Positive Metastatic Breast Cancer After CDK4/6 Inhibitors.,Primary evidence selected by semantic abstract review; full-text availability and usefulness must be resolved in the next step.,high,resolve_full_text_in_next_step
SUB008,pmid-39920872,39920872,PMC11806886,10.1186/s40170-025-00375-5,CD36 inhibition enhances the anti-proliferative effects of PI3K inhibitors in PTEN-loss anti-HER2 resistant breast cancer cells.,Primary evidence selected by semantic abstract review; full-text availability and usefulness must be resolved in the next step.,high,resolve_full_text_in_next_step
SUB009,pmid-39935426,39935426,PMC11810462,10.20517/cdr.2024.169,Optimizing therapeutic approaches for HR+/HER2- advanced breast cancer: clinical perspectives on biomarkers and treatment strategies post-CDK4/6 inhibitor progression.,Primary evidence selected by semantic abstract review; full-text availability and usefulness must be resolved in the next step.,high,resolve_full_text_in_next_step
SUB007,pmid-40113784,40113784,PMC11926384,10.1038/s41392-025-02180-4,Targeting PI3K inhibitor resistance in breast cancer with metabolic drugs.,Primary evidence selected by semantic abstract review; full-text availability and usefulness must be resolved in the next step.,high,resolve_full_text_in_next_step
SUB009,pmid-40121890,40121890,unknown,10.1016/j.ctrv.2025.102924,"Post-progression treatment options after CDK4/6 inhibitors in hormone receptor-positive, HER2-negative metastatic breast cancer.",Primary evidence selected by semantic abstract review; full-text availability and usefulness must be resolved in the next step.,high,resolve_full_text_in_next_step
SUB002,pmid-40152314,40152314,PMC11950915,10.1093/oncolo/oyaf023,Dynamics of hyperglycemia of patients treated with alpelisib: exploratory interim analysis of ITACA trial.,Primary evidence selected by semantic abstract review; full-text availability and usefulness must be resolved in the next step.,high,resolve_full_text_in_next_step
SUB003,pmid-40203765,40203765,unknown,10.1016/j.ejca.2025.115397,"Inavolisib plus letrozole or fulvestrant in PIK3CA-mutated, hormone receptor-positive, HER2-negative advanced or metastatic breast cancer (GO39374): An open-label, multicentre, dose-escalation and dose-expansion phase 1/1b study.",Primary evidence selected by semantic abstract review; full-text availability and usefulness must be resolved in the next step.,high,resolve_full_text_in_next_step
SUB007,pmid-40295072,40295072,unknown,10.21873/anticanres.17567,Development of Acquired Resistance in Alpelisib-treated Gastric Cancer Cells With PIK3CA Mutations and Overcoming Strategies.,Primary evidence selected by semantic abstract review; full-text availability and usefulness must be resolved in the next step.,high,resolve_full_text_in_next_step
SUB005,pmid-40382983,40382983,unknown,10.1016/j.drup.2025.101251,MicroRNA-mediated PTEN downregulation as a novel non-genetic mechanism of acquired resistance to PI3Kα inhibitors of head & neck squamous cell carcinoma.,Primary evidence selected by semantic abstract review; full-text availability and usefulness must be resolved in the next step.,high,resolve_full_text_in_next_step
SUB003;SUB009,pmid-40454641,40454641,PMC13496148,10.1056/NEJMoa2501796,Overall Survival with Inavolisib in PIK3CA-Mutated Advanced Breast Cancer.,Primary evidence selected by semantic abstract review; full-text availability and usefulness must be resolved in the next step.,high,resolve_full_text_in_next_step
SUB007;SUB008,pmid-40510030,40510030,PMC12159599,10.20517/cdr.2024.181,FGFR1 overexpression promotes resistance to PI3K inhibitor alpelisib in luminal breast cancer cells through receptor tyrosine kinase signaling-mediated activation of the estrogen receptor.,Primary evidence selected by semantic abstract review; full-text availability and usefulness must be resolved in the next step.,high,resolve_full_text_in_next_step
SUB009,pmid-40642892,40642892,unknown,10.1097/COC.0000000000001209,"Inavolisib for HR-Positive, HER2-Negative Advanced Breast Cancer: Clinical Trials and Patient Access Implication.",Primary evidence selected by semantic abstract review; full-text availability and usefulness must be resolved in the next step.,high,resolve_full_text_in_next_step
SUB003;SUB009,pmid-40845250,40845250,unknown,10.1200/JCO-25-00663,"US Food and Drug Administration Approval Summary: Inavolisib With Palbociclib and Fulvestrant for Endocrine-Resistant, PIK3CA-Mutated, Hormone Receptor-Positive, Human Epidermal Growth Factor Receptor 2-Negative, Locally Advanced or Metastatic Breast Cancer.",Primary evidence selected by semantic abstract review; full-text availability and usefulness must be resolved in the next step.,high,resolve_full_text_in_next_step
SUB005;SUB010,pmid-40991650,40991650,PMC12618074,10.1172/JCI180927,USP10/GSK3β-mediated inhibition of PTEN drives resistance to PI3K inhibitors in breast cancer.,Primary evidence selected by semantic abstract review; full-text availability and usefulness must be resolved in the next step.,high,resolve_full_text_in_next_step
SUB009,pmid-41079023,41079023,PMC12514518,10.1016/j.eclinm.2025.103535,Efficacy and safety of systemic therapies following progression on CDK4/6 inhibitors in patients with HR+/HER2- metastatic breast cancer: a systematic review and network meta-analysis.,Primary evidence selected by semantic abstract review; full-text availability and usefulness must be resolved in the next step.,high,resolve_full_text_in_next_step
SUB003;SUB010,pmid-41143603,41143603,PMC12770939,10.1158/1078-0432.CCR-25-1459,PI3Kα Inhibitor and Degrader Inavolisib Can Co-opt FGFR2 to Enhance Responses in Patients with PIK3CA-Mutated Solid Tumors and in Preclinical Models.,Primary evidence selected by semantic abstract review; full-text availability and usefulness must be resolved in the next step.,high,resolve_full_text_in_next_step
SUB010,pmid-41406241,41406241,unknown,10.1126/scitranslmed.adp5088,Dual PI3K/mTOR inhibition is required to combat resistance to CDK4/6 inhibitor and endocrine therapy in PIK3CA-mutant breast cancer.,Primary evidence selected by semantic abstract review; full-text availability and usefulness must be resolved in the next step.,high,resolve_full_text_in_next_step
SUB002;SUB009,pmid-41620612,41620612,PMC12964663,10.1186/s13058-025-02152-0,Sequential use of PI3K/AKT/mTOR pathway inhibitors alpelisib and everolimus in patients with hormone receptor-positive metastatic breast cancer.,Primary evidence selected by semantic abstract review; full-text availability and usefulness must be resolved in the next step.,high,resolve_full_text_in_next_step
SUB002;SUB009,pmid-41681940,41681940,PMC12896634,10.3390/cancers18030468,Comparison Between Alpelisib Plus Endocrine Therapy and Everolimus Plus Endocrine Therapy After CDK4/6 Inhibitors Progression in Patients with PIK3CA-Mutant Metastatic Breast Cancer: A Single-Center Retrospective Study.,Primary evidence selected by semantic abstract review; full-text availability and usefulness must be resolved in the next step.,high,resolve_full_text_in_next_step
SUB001;SUB002;SUB009,pmid-41925922,41925922,PMC13046609,10.1007/s10549-026-07939-z,Alpelisib and Fulvestrant in PIK3CA-mutated hormone receptor-positive HER2-negative advanced breast cancer included in the German PRAEGNANT trial.,Primary evidence selected by semantic abstract review; full-text availability and usefulness must be resolved in the next step.,high,resolve_full_text_in_next_step
SUB001;SUB002;SUB009,pmid-41967638,41967638,unknown,10.1016/j.annonc.2026.04.003,Genomic determinants of response to alpelisib plus fulvestrant in the SOLAR-1 trial.,Primary evidence selected by semantic abstract review; full-text availability and usefulness must be resolved in the next step.,high,resolve_full_text_in_next_step
SUB002;SUB009,pmid-41976378,41976378,PMC13072385,10.3390/cancers18071156,"Impact of Time of Administration, Fasting, and a Low-Carbohydrate Diet on Alpelisib-Associated Hyperglycemia and Efficacy: A Pilot Randomized Controlled Phase IIb Trial.",Primary evidence selected by semantic abstract review; full-text availability and usefulness must be resolved in the next step.,high,resolve_full_text_in_next_step
SUB004,pmid-42024964,42024964,unknown,10.1016/j.ejmech.2026.118879,"Benzothiophene-based, orally active PIK3CA H1047R mutant-selective inhibitors for the treatment of HR+/HER2- breast cancer.",Primary evidence selected by semantic abstract review; full-text availability and usefulness must be resolved in the next step.,high,resolve_full_text_in_next_step
SUB009,pmid-42074235,42074235,PMC13116710,10.3390/ijms27083597,SGLT2 Inhibitor Dapagliflozin Attenuates Cardiomyocyte Injury and Inflammation Induced by PI3Kα-Selective Inhibitor Alpelisib and Fulvestrant Under Hyperglycemia.,Primary evidence selected by semantic abstract review; full-text availability and usefulness must be resolved in the next step.,high,resolve_full_text_in_next_step
SUB003;SUB009,pmid-42202490,42202490,PMC13235453,10.1016/j.esmoop.2026.107735,"Safety analyses of the INAVO120 randomised phase III trial of inavolisib or placebo with palbociclib-fulvestrant in patients with PIK3CA-mutated, hormone receptor-positive, HER2-negative, endocrine-resistant advanced breast cancer.",Primary evidence selected by semantic abstract review; full-text availability and usefulness must be resolved in the next step.,high,resolve_full_text_in_next_step
SUB009,pmid-42263466,42263466,unknown,10.1016/j.clbc.2026.05.004,"Pharmacologic Features, Clinical Applications, and Drug Safety Evaluation of Inavolisib in the Treatment of Metastatic Breast Cancer.",Primary evidence selected by semantic abstract review; full-text availability and usefulness must be resolved in the next step.,high,resolve_full_text_in_next_step
SUB009,pmid-42351448,42351448,PMC13298351,10.3390/diagnostics16121790,"Post-CDK4/6 Inhibitor Therapeutic Approaches in Hormone Receptor-Positive, HER2-Negative Metastatic Breast Cancer: Current Evidence and Emerging Strategies-A Narrative Review.",Primary evidence selected by semantic abstract review; full-text availability and usefulness must be resolved in the next step.,high,resolve_full_text_in_next_step
SUB009,pmid-42445743,42445743,PMC13361340,10.2147/DDDT.S611371,Precision Endocrine-Based Combinations After CDK4/6 Inhibitor Progression in HR-Positive Metastatic Breast Cancer.,Primary evidence selected by semantic abstract review; full-text availability and usefulness must be resolved in the next step.,high,resolve_full_text_in_next_step
SUB009,pmid-42496151,42496151,unknown,10.1080/17425255.2026.2710110,Inavolisib: a second-generation PI3Kα inhibitor in HR+/HER2-negative breast cancer.,Primary evidence selected by semantic abstract review; full-text availability and usefulness must be resolved in the next step.,high,resolve_full_text_in_next_step
SUB002;SUB009,pmid-42635598,42635598,unknown,10.1158/1078-0432.CCR-26-1816,"Elacestrant in Combination with Everolimus for Estrogen Receptor-Positive, HER2-Negative Previously Treated Advanced Breast Cancer: Results from ELEVATE.",Primary evidence selected by semantic abstract review; full-text availability and usefulness must be resolved in the next step.,high,resolve_full_text_in_next_step
