paper_id,pmid,pmcid,doi,title,ingestion_status,source_format,access_source,source_url,source_path,normalized_path,text_char_count,section_count,pmc_xml_status,pdf_status,parser_status,user_pdf_required,notes
pmid-21278786,21278786,PMC3107390,10.1038/onc.2010.626,PI3K inhibition results in enhanced HER signaling and acquired ERK dependency in HER2-overexpressing breast cancer.,normalized,pmc_xml,ncbi_pmc,https://eutils.ncbi.nlm.nih.gov/entrez/eutils/efetch.fcgi?db=pmc&id=3107390&retmode=xml,artifacts/04_primary_full_text_ingestion/03_pmc/01_raw_xml/3107390.xml,artifacts/04_primary_full_text_ingestion/03_pmc/02_normalized/pmid-21278786.json,27636,9,usable,not_attempted,not_attempted,0,Normalized from pmc_xml.
pmid-24351425,24351425,PMC3974833,10.4161/cbt.27311,ERK2-dependent reactivation of Akt mediates the limited response of tumor cells with constitutive K-RAS activity to PI3K inhibition.,normalized,pdf,user_pdf,,artifacts/04_primary_full_text_ingestion/04_pdf/01_staged/PMID_24351425.pdf,artifacts/04_primary_full_text_ingestion/04_pdf/03_normalized/pmid-24351425.json,28203,7,not_attempted,normalized,normalized,0,User PDF staged from ERK2-dependent reactivation of Akt mediates the limited response of tumor cells with constitutive K-RAS activity to PI3K inhibition..pdf. Expected staged PDF found. Normalized from pdf.
pmid-24405121,24405121,,10.1111/bjh.12734,"PI3KCA plays a major role in multiple myeloma and its inhibition with BYL719 decreases proliferation, synergizes with other therapies and overcomes stroma-induced resistance.",normalized,pdf,user_pdf,,artifacts/04_primary_full_text_ingestion/04_pdf/01_staged/PMID_24405121.pdf,artifacts/04_primary_full_text_ingestion/04_pdf/03_normalized/pmid-24405121.json,19949,7,not_attempted,normalized,normalized,0,"User PDF staged from PI3KCA plays a major role in multiple myeloma and its inhibition with BYL719 decreases proliferation, synergizes with other therapies and overcomes stroma-induced resistance..pdf. Expected staged PDF found. Normalized from pdf."
pmid-24608574,24608574,,10.1158/1535-7163.MCT-13-0865,Characterization of the novel and specific PI3Kα inhibitor NVP-BYL719 and development of the patient stratification strategy for clinical trials.,normalized,pdf,user_pdf,,artifacts/04_primary_full_text_ingestion/04_pdf/01_staged/PMID_24608574.pdf,artifacts/04_primary_full_text_ingestion/04_pdf/03_normalized/pmid-24608574.json,26958,11,not_attempted,normalized,normalized,0,User PDF staged from Characterization of the novel and specific PI3KŒ± inhibitor NVP-BYL719 and development of the patient stratification strategy for clinical trials..pdf. Expected staged PDF found. Normalized from pdf.
pmid-24895459,24895459,,10.1158/1078-0432.CCR-13-3377,Cotargeting of epidermal growth factor receptor and PI3K overcomes PI3K-Akt oncogenic dependence in pancreatic ductal adenocarcinoma.,normalized,pdf,user_pdf,,artifacts/04_primary_full_text_ingestion/04_pdf/01_staged/PMID_24895459.pdf,artifacts/04_primary_full_text_ingestion/04_pdf/03_normalized/pmid-24895459.json,17549,6,not_attempted,normalized,normalized,0,User PDF staged from Cotargeting of epidermal growth factor receptor and PI3K overcomes PI3K-Akt oncogenic dependence in pancreatic ductal adenocarcinoma..pdf. Expected staged PDF found. Normalized from pdf.
pmid-25053989,25053989,PMC4091530,10.18632/genesandcancer.10,Amphiregulin and PTEN evoke a multimodal mechanism of acquired resistance to PI3K inhibition.,normalized,pmc_xml,ncbi_pmc,https://eutils.ncbi.nlm.nih.gov/entrez/eutils/efetch.fcgi?db=pmc&id=4091530&retmode=xml,artifacts/04_primary_full_text_ingestion/03_pmc/01_raw_xml/4091530.xml,artifacts/04_primary_full_text_ingestion/03_pmc/02_normalized/pmid-25053989.json,23965,10,usable,not_attempted,not_attempted,0,Normalized from pmc_xml.
pmid-25409150,25409150,PMC4326538,10.1038/nature13948,Convergent loss of PTEN leads to clinical resistance to a PI(3)Kα inhibitor.,normalized,pmc_xml,ncbi_pmc,https://eutils.ncbi.nlm.nih.gov/entrez/eutils/efetch.fcgi?db=pmc&id=4326538&retmode=xml,artifacts/04_primary_full_text_ingestion/03_pmc/01_raw_xml/4326538.xml,artifacts/04_primary_full_text_ingestion/03_pmc/02_normalized/pmid-25409150.json,12981,2,usable,not_attempted,not_attempted,0,Normalized from pmc_xml.
pmid-25528022,25528022,,10.1007/s10549-014-3239-5,A preclinical evaluation of the PI3K alpha/delta dominant inhibitor BAY 80-6946 in HER2-positive breast cancer models with acquired resistance to the HER2-targeted therapies trastuzumab and lapatinib.,normalized,pdf,user_pdf,,artifacts/04_primary_full_text_ingestion/04_pdf/01_staged/PMID_25528022.pdf,artifacts/04_primary_full_text_ingestion/04_pdf/03_normalized/pmid-25528022.json,16002,8,not_attempted,normalized,normalized,0,User PDF staged from A preclinical evaluation of the PI3K alpha:delta dominant inhibitor BAY 80-6946 in HER2-positive breast cancer models with acquired resistance to the HER2-targeted therapies trastuzumab and lapatinib..pdf. Expected staged PDF found. Normalized from pdf.
pmid-25873175,25873175,PMC4398915,10.1016/j.ccell.2015.03.010,AXL mediates resistance to PI3Kα inhibition by activating the EGFR/PKC/mTOR axis in head and neck and esophageal squamous cell carcinomas.,normalized,pmc_xml,ncbi_pmc,https://eutils.ncbi.nlm.nih.gov/entrez/eutils/efetch.fcgi?db=pmc&id=4398915&retmode=xml,artifacts/04_primary_full_text_ingestion/03_pmc/01_raw_xml/4398915.xml,artifacts/04_primary_full_text_ingestion/03_pmc/02_normalized/pmid-25873175.json,26489,9,usable,not_attempted,not_attempted,0,Normalized from pmc_xml.
pmid-26500061,26500061,PMC4846581,10.1038/onc.2015.406,"PI3K-p110α mediates resistance to HER2-targeted therapy in HER2+, PTEN-deficient breast cancers.",normalized,pmc_xml,ncbi_pmc,https://eutils.ncbi.nlm.nih.gov/entrez/eutils/efetch.fcgi?db=pmc&id=4846581&retmode=xml,artifacts/04_primary_full_text_ingestion/03_pmc/01_raw_xml/4846581.xml,artifacts/04_primary_full_text_ingestion/03_pmc/02_normalized/pmid-26500061.json,15784,6,usable,not_attempted,not_attempted,0,Normalized from pmc_xml.
pmid-26640141,26640141,PMC4896860,10.1038/onc.2015.377,PIK3CA(H1047R)- and Her2-initiated mammary tumors escape PI3K dependency by compensatory activation of MEK-ERK signaling.,normalized,pmc_xml,ncbi_pmc,https://eutils.ncbi.nlm.nih.gov/entrez/eutils/efetch.fcgi?db=pmc&id=4896860&retmode=xml,artifacts/04_primary_full_text_ingestion/03_pmc/01_raw_xml/4896860.xml,artifacts/04_primary_full_text_ingestion/03_pmc/02_normalized/pmid-26640141.json,30696,9,usable,not_attempted,not_attempted,0,Normalized from pmc_xml.
pmid-27048245,27048245,PMC4820873,10.1186/s13058-016-0697-1,Activation of IGF1R/p110β/AKT/mTOR confers resistance to α-specific PI3K inhibition.,normalized,pmc_xml,ncbi_pmc,https://eutils.ncbi.nlm.nih.gov/entrez/eutils/efetch.fcgi?db=pmc&id=4820873&retmode=xml,artifacts/04_primary_full_text_ingestion/03_pmc/01_raw_xml/4820873.xml,artifacts/04_primary_full_text_ingestion/03_pmc/02_normalized/pmid-27048245.json,26535,10,usable,not_attempted,not_attempted,0,Normalized from pmc_xml.
pmid-27604488,27604488,PMC5050154,10.1158/2159-8290.CD-16-0305,Systematic Functional Characterization of Resistance to PI3K Inhibition in Breast Cancer.,normalized,pmc_xml,ncbi_pmc,https://eutils.ncbi.nlm.nih.gov/entrez/eutils/efetch.fcgi?db=pmc&id=5050154&retmode=xml,artifacts/04_primary_full_text_ingestion/03_pmc/01_raw_xml/5050154.xml,artifacts/04_primary_full_text_ingestion/03_pmc/02_normalized/pmid-27604488.json,43486,9,usable,not_attempted,not_attempted,0,Normalized from pmc_xml.
pmid-28382169,28382169,PMC5381259,10.7150/thno.17830,Integration of Receptor Tyrosine Kinases Determines Sensitivity to PI3Kα-selective Inhibitors in Breast Cancer.,normalized,pmc_xml,ncbi_pmc,https://eutils.ncbi.nlm.nih.gov/entrez/eutils/efetch.fcgi?db=pmc&id=5381259&retmode=xml,artifacts/04_primary_full_text_ingestion/03_pmc/01_raw_xml/5381259.xml,artifacts/04_primary_full_text_ingestion/03_pmc/02_normalized/pmid-28382169.json,27113,10,usable,not_attempted,not_attempted,0,Normalized from pmc_xml.
pmid-29401002,29401002,PMC5920739,10.1200/JCO.2017.72.7107,Phosphatidylinositol 3-Kinase α-Selective Inhibition With Alpelisib (BYL719) in PIK3CA-Altered Solid Tumors: Results From the First-in-Human Study.,normalized,pdf,user_pdf,,artifacts/04_primary_full_text_ingestion/04_pdf/01_staged/PMID_29401002.pdf,artifacts/04_primary_full_text_ingestion/04_pdf/03_normalized/pmid-29401002.json,21644,11,not_attempted,normalized,normalized,0,User PDF staged from Phosphatidylinositol 3-Kinase Œ±-Selective Inhibition With Alpelisib (BYL719) in PIK3CA-Altered Solid Tumors- Results From the First-in-Human Study..pdf. Expected staged PDF found. Normalized from pdf.
pmid-29850984,29850984,,10.1007/s10549-018-4792-0,Phase I study of alpelisib (BYL-719) and trastuzumab emtansine (T-DM1) in HER2-positive metastatic breast cancer (MBC) after trastuzumab and taxane therapy.,normalized,pdf,user_pdf,,artifacts/04_primary_full_text_ingestion/04_pdf/01_staged/PMID_29850984.pdf,artifacts/04_primary_full_text_ingestion/04_pdf/03_normalized/pmid-29850984.json,16592,7,not_attempted,normalized,normalized,0,User PDF staged from Phase I study of alpelisib (BYL-719) and trastuzumab emtansine (T-DM1) in HER2-positive metastatic breast cancer (MBC) after trastuzumab and taxane therapy..pdf. Expected staged PDF found. Normalized from pdf.
pmid-30167089,30167089,PMC6114962,10.18632/oncotarget.25854,"A Phase Ib, open-label, dose-finding study of alpelisib in combination with paclitaxel in patients with advanced solid tumors.",normalized,pmc_xml,ncbi_pmc,https://eutils.ncbi.nlm.nih.gov/entrez/eutils/efetch.fcgi?db=pmc&id=6114962&retmode=xml,artifacts/04_primary_full_text_ingestion/03_pmc/01_raw_xml/6114962.xml,artifacts/04_primary_full_text_ingestion/03_pmc/02_normalized/pmid-30167089.json,13775,8,usable,not_attempted,not_attempted,0,Normalized from pmc_xml.
pmid-30237504,30237504,PMC6148236,10.1038/s41419-018-1025-8,IGF1R upregulation confers resistance to isoform-specific inhibitors of PI3K in PIK3CA-driven ovarian cancer.,normalized,pmc_xml,ncbi_pmc,https://eutils.ncbi.nlm.nih.gov/entrez/eutils/efetch.fcgi?db=pmc&id=6148236&retmode=xml,artifacts/04_primary_full_text_ingestion/03_pmc/01_raw_xml/6148236.xml,artifacts/04_primary_full_text_ingestion/03_pmc/02_normalized/pmid-30237504.json,23470,7,usable,not_attempted,not_attempted,0,Normalized from pmc_xml.
pmid-31091374,31091374,,10.1056/NEJMoa1813904,"Alpelisib for PIK3CA-Mutated, Hormone Receptor-Positive Advanced Breast Cancer.",normalized,pdf,user_pdf,,artifacts/04_primary_full_text_ingestion/04_pdf/01_staged/PMID_31091374.pdf,artifacts/04_primary_full_text_ingestion/04_pdf/03_normalized/pmid-31091374.json,21202,7,not_attempted,normalized,normalized,0,"User PDF staged from Alpelisib for PIK3CA-Mutated, Hormone Receptor-Positive Advanced Breast Cancer..pdf. Expected staged PDF found. Normalized from pdf."
pmid-31439579,31439579,,10.1158/1078-0432.CCR-19-0508,"POSEIDON Trial Phase 1b Results: Safety, Efficacy and Circulating Tumor DNA Response of the Beta Isoform-Sparing PI3K Inhibitor Taselisib (GDC-0032) Combined with Tamoxifen in Hormone Receptor Positive Metastatic Breast Cancer Patients.",normalized,pdf,user_pdf,,artifacts/04_primary_full_text_ingestion/04_pdf/01_staged/PMID_31439579.pdf,artifacts/04_primary_full_text_ingestion/04_pdf/03_normalized/pmid-31439579.json,18155,12,not_attempted,normalized,normalized,0,"User PDF staged from POSEIDON Trial Phase 1b Results- Safety, Efficacy and Circulating Tumor DNA Response of the Beta Isoform-Sparing PI3K Inhibitor Taselisib (GDC-0032) Combined with Tamoxifen in Hormone Receptor Positive Metastatic Breast Cancer Patients..pdf. Expected staged PDF found. Normalized from pdf."
pmid-31594766,31594766,,10.1158/2159-8290.CD-18-0830,PTEN Loss Mediates Clinical Cross-Resistance to CDK4/6 and PI3Kα Inhibitors in Breast Cancer.,normalized,pdf,user_pdf,,artifacts/04_primary_full_text_ingestion/04_pdf/01_staged/PMID_31594766.pdf,artifacts/04_primary_full_text_ingestion/04_pdf/03_normalized/pmid-31594766.json,28064,7,not_attempted,normalized,normalized,0,User PDF staged from PTEN Loss Mediates Clinical Cross-Resistance to CDK4:6 and PI3KŒ± Inhibitors in Breast Cancer..pdf. Expected staged PDF found. Normalized from pdf.
pmid-31601188,31601188,PMC6785854,10.1186/s12885-019-6057-7,Interleukin-6 mediates resistance to PI3K-pathway-targeted therapy in lymphoma.,normalized,pmc_xml,ncbi_pmc,https://eutils.ncbi.nlm.nih.gov/entrez/eutils/efetch.fcgi?db=pmc&id=6785854&retmode=xml,artifacts/04_primary_full_text_ingestion/03_pmc/01_raw_xml/6785854.xml,artifacts/04_primary_full_text_ingestion/03_pmc/02_normalized/pmid-31601188.json,26445,11,usable,not_attempted,not_attempted,0,Normalized from pmc_xml.
pmid-32494066,32494066,,10.1038/s41586-020-2175-2,Landscape and function of multiple mutations within individual oncogenes.,normalized,pdf,user_pdf,,artifacts/04_primary_full_text_ingestion/04_pdf/01_staged/PMID_32494066.pdf,artifacts/04_primary_full_text_ingestion/04_pdf/03_normalized/pmid-32494066.json,24144,6,not_attempted,normalized,normalized,0,User PDF staged from Landscape and function of multiple mutations within individual oncogenes..pdf. Expected staged PDF found. Normalized from pdf.
pmid-32864625,32864625,PMC7450824,10.1038/s43018-020-0047-1,Alterations in PTEN and ESR1 promote clinical resistance to alpelisib plus aromatase inhibitors.,normalized,pmc_xml,ncbi_pmc,https://eutils.ncbi.nlm.nih.gov/entrez/eutils/efetch.fcgi?db=pmc&id=7450824&retmode=xml,artifacts/04_primary_full_text_ingestion/03_pmc/01_raw_xml/7450824.xml,artifacts/04_primary_full_text_ingestion/03_pmc/02_normalized/pmid-32864625.json,23226,6,usable,not_attempted,not_attempted,0,Normalized from pmc_xml.
pmid-32887722,32887722,,10.1158/1078-0432.CCR-20-0645,Phase Ib Study of Ribociclib plus Fulvestrant and Ribociclib plus Fulvestrant plus PI3K Inhibitor (Alpelisib or Buparlisib) for HR+ Advanced Breast Cancer.,normalized,pdf,user_pdf,,artifacts/04_primary_full_text_ingestion/04_pdf/01_staged/PMID_32887722.pdf,artifacts/04_primary_full_text_ingestion/04_pdf/03_normalized/pmid-32887722.json,25697,15,not_attempted,normalized,normalized,0,User PDF staged from Phase Ib Study of Ribociclib plus Fulvestrant and Ribociclib plus Fulvestrant plus PI3K Inhibitor (Alpelisib or Buparlisib) for HR+ Advanced Breast Cancer..pdf. Expected staged PDF found. Normalized from pdf.
pmid-32929011,32929011,PMC7533832,10.1073/pnas.2000060117,PIK3CA C-terminal frameshift mutations are novel oncogenic events that sensitize tumors to PI3K-α inhibition.,normalized,pdf,user_pdf,,artifacts/04_primary_full_text_ingestion/04_pdf/01_staged/PMID_32929011.pdf,artifacts/04_primary_full_text_ingestion/04_pdf/03_normalized/pmid-32929011.json,16850,4,not_attempted,normalized,normalized,0,User PDF staged from PIK3CA C-terminal frameshift mutations are novel oncogenic events that sensitize tumors to PI3K-Œ± inhibition..pdf. Expected staged PDF found. Normalized from pdf.
pmid-32976773,32976773,PMC7562820,10.1016/j.ccell.2020.08.016,Metabolic Imaging Detects Resistance to PI3Kα Inhibition Mediated by Persistent FOXM1 Expression in ER+ Breast Cancer.,normalized,pmc_xml,ncbi_pmc,https://eutils.ncbi.nlm.nih.gov/entrez/eutils/efetch.fcgi?db=pmc&id=7562820&retmode=xml,artifacts/04_primary_full_text_ingestion/03_pmc/01_raw_xml/7562820.xml,artifacts/04_primary_full_text_ingestion/03_pmc/02_normalized/pmid-32976773.json,46129,10,usable,not_attempted,not_attempted,0,Normalized from pmc_xml.
pmid-33024087,33024087,PMC7538592,10.1038/s41419-020-03037-0,CD44/HA signaling mediates acquired resistance to a PI3Kα inhibitor.,normalized,pmc_xml,ncbi_pmc,https://eutils.ncbi.nlm.nih.gov/entrez/eutils/efetch.fcgi?db=pmc&id=7538592&retmode=xml,artifacts/04_primary_full_text_ingestion/03_pmc/01_raw_xml/7538592.xml,artifacts/04_primary_full_text_ingestion/03_pmc/02_normalized/pmid-33024087.json,34681,12,usable,not_attempted,not_attempted,0,Normalized from pmc_xml.
pmid-33168657,33168657,PMC8535764,10.1158/1078-0432.CCR-20-3652,"FDA Approval Summary: Alpelisib Plus Fulvestrant for Patients with HR-positive, HER2-negative, PIK3CA-mutated, Advanced or Metastatic Breast Cancer.",normalized,pmc_xml,ncbi_pmc,https://eutils.ncbi.nlm.nih.gov/entrez/eutils/efetch.fcgi?db=pmc&id=8535764&retmode=xml,artifacts/04_primary_full_text_ingestion/03_pmc/01_raw_xml/8535764.xml,artifacts/04_primary_full_text_ingestion/03_pmc/02_normalized/pmid-33168657.json,24721,12,usable,not_attempted,not_attempted,0,Normalized from pmc_xml.
pmid-33186740,33186740,PMC8457522,10.1016/j.annonc.2020.10.596,"Phase III randomized study of taselisib or placebo with fulvestrant in estrogen receptor-positive, PIK3CA-mutant, HER2-negative, advanced breast cancer: the SANDPIPER trial.",normalized,pmc_xml,ncbi_pmc,https://eutils.ncbi.nlm.nih.gov/entrez/eutils/efetch.fcgi?db=pmc&id=8457522&retmode=xml,artifacts/04_primary_full_text_ingestion/03_pmc/01_raw_xml/8457522.xml,artifacts/04_primary_full_text_ingestion/03_pmc/02_normalized/pmid-33186740.json,18122,10,usable,not_attempted,not_attempted,0,Normalized from pmc_xml.
pmid-33246021,33246021,,10.1016/j.annonc.2020.11.011,"Alpelisib plus fulvestrant for PIK3CA-mutated, hormone receptor-positive, human epidermal growth factor receptor-2-negative advanced breast cancer: final overall survival results from SOLAR-1.",normalized,pdf,user_pdf,,artifacts/04_primary_full_text_ingestion/04_pdf/01_staged/PMID_33246021.pdf,artifacts/04_primary_full_text_ingestion/04_pdf/03_normalized/pmid-33246021.json,19700,9,not_attempted,normalized,normalized,0,"User PDF staged from Alpelisib plus fulvestrant for PIK3CA-mutated, hormone receptor-positive, human epidermal growth factor receptor-2-negative advanced breast cancer- final overall survival results from SOLAR-1..pdf. Expected staged PDF found. Normalized from pdf."
pmid-33602685,33602685,PMC8282704,10.1158/1078-0432.CCR-20-4879,Clinical and Biomarker Results from Phase I/II Study of PI3K Inhibitor Alpelisib plus Nab-paclitaxel in HER2-Negative Metastatic Breast Cancer.,normalized,pmc_xml,ncbi_pmc,https://eutils.ncbi.nlm.nih.gov/entrez/eutils/efetch.fcgi?db=pmc&id=8282704&retmode=xml,artifacts/04_primary_full_text_ingestion/03_pmc/01_raw_xml/8282704.xml,artifacts/04_primary_full_text_ingestion/03_pmc/02_normalized/pmid-33602685.json,19304,8,usable,not_attempted,not_attempted,0,Normalized from pmc_xml.
pmid-33606974,33606974,PMC8384339,10.1016/j.molcel.2021.01.033,Regulation of PTEN translation by PI3K signaling maintains pathway homeostasis.,normalized,pmc_xml,ncbi_pmc,https://eutils.ncbi.nlm.nih.gov/entrez/eutils/efetch.fcgi?db=pmc&id=8384339&retmode=xml,artifacts/04_primary_full_text_ingestion/03_pmc/01_raw_xml/8384339.xml,artifacts/04_primary_full_text_ingestion/03_pmc/02_normalized/pmid-33606974.json,43921,11,usable,not_attempted,not_attempted,0,Normalized from pmc_xml.
pmid-33685991,33685991,PMC8137641,10.1158/0008-5472.CAN-20-3232,Genomic Alterations in PIK3CA-Mutated Breast Cancer Result in mTORC1 Activation and Limit the Sensitivity to PI3Kα Inhibitors.,normalized,pmc_xml,ncbi_pmc,https://eutils.ncbi.nlm.nih.gov/entrez/eutils/efetch.fcgi?db=pmc&id=8137641&retmode=xml,artifacts/04_primary_full_text_ingestion/03_pmc/01_raw_xml/8137641.xml,artifacts/04_primary_full_text_ingestion/03_pmc/02_normalized/pmid-33685991.json,25151,11,usable,not_attempted,not_attempted,0,Normalized from pmc_xml.
pmid-33794206,33794206,,10.1016/S1470-2045(21)00034-6,"Alpelisib plus fulvestrant in PIK3CA-mutated, hormone receptor-positive advanced breast cancer after a CDK4/6 inhibitor (BYLieve): one cohort of a phase 2, multicentre, open-label, non-comparative study.",normalized,pdf,user_pdf,,artifacts/04_primary_full_text_ingestion/04_pdf/01_staged/PMID_33794206.pdf,artifacts/04_primary_full_text_ingestion/04_pdf/03_normalized/pmid-33794206.json,11351,4,not_attempted,normalized,normalized,0,"User PDF staged from Alpelisib plus fulvestrant in PIK3CA-mutated, hormone receptor-positive advanced breast cancer after a CDK4:6 inhibitor (BYLieve)- one cohort of a phase 2, multicentre, open-label, non-comparative study..pdf. Expected staged PDF found. Normalized from pdf."
pmid-33909934,33909934,PMC8265362,10.1002/onco.13804,"Effectiveness of Alpelisib + Fulvestrant Compared with Real-World Standard Treatment Among Patients with HR+, HER2-, PIK3CA-Mutated Breast Cancer.",normalized,pmc_xml,ncbi_pmc,https://eutils.ncbi.nlm.nih.gov/entrez/eutils/efetch.fcgi?db=pmc&id=8265362&retmode=xml,artifacts/04_primary_full_text_ingestion/03_pmc/01_raw_xml/8265362.xml,artifacts/04_primary_full_text_ingestion/03_pmc/02_normalized/pmid-33909934.json,24127,13,usable,not_attempted,not_attempted,0,Normalized from pmc_xml.
pmid-33947692,33947692,PMC8282678,10.1158/1078-0432.CCR-21-0047,A Phase I Study of Alpelisib in Combination with Trastuzumab and LJM716 in Patients with PIK3CA-Mutated HER2-Positive Metastatic Breast Cancer.,normalized,pmc_xml,ncbi_pmc,https://eutils.ncbi.nlm.nih.gov/entrez/eutils/efetch.fcgi?db=pmc&id=8282678&retmode=xml,artifacts/04_primary_full_text_ingestion/03_pmc/01_raw_xml/8282678.xml,artifacts/04_primary_full_text_ingestion/03_pmc/02_normalized/pmid-33947692.json,21759,9,usable,not_attempted,not_attempted,0,Normalized from pmc_xml.
pmid-34544753,34544753,PMC9762331,10.1158/2159-8290.CD-21-0072,RTK-Dependent Inducible Degradation of Mutant PI3Kα Drives GDC-0077 (Inavolisib) Efficacy.,normalized,pmc_xml,ncbi_pmc,https://eutils.ncbi.nlm.nih.gov/entrez/eutils/efetch.fcgi?db=pmc&id=9762331&retmode=xml,artifacts/04_primary_full_text_ingestion/03_pmc/01_raw_xml/9762331.xml,artifacts/04_primary_full_text_ingestion/03_pmc/02_normalized/pmid-34544753.json,31334,9,usable,not_attempted,not_attempted,0,Normalized from pmc_xml.
pmid-34552006,34552006,,10.1158/1535-7163.MCT-20-0981,Phosphoproteomics Identifies PI3K Inhibitor-selective Adaptive Responses in Pancreatic Cancer Cell Therapy and Resistance.,normalized,pdf,openalex,https://hal.science/hal-03223423v1/file/1535-7163_mct-20-0981v1.pdf,artifacts/04_primary_full_text_ingestion/04_pdf/01_staged/PMID_34552006.pdf,artifacts/04_primary_full_text_ingestion/04_pdf/03_normalized/pmid-34552006.json,41891,9,missing,normalized,normalized,0,Open-access PDF staged. No usable PMC XML or automatically accessible PDF normalized. Normalized from pdf.
pmid-35100734,35100734,,10.1200/PO.19.00221,"Combined PIK3CA and FGFR Inhibition With Alpelisib and Infigratinib in Patients With PIK3CA-Mutant Solid Tumors, With or Without FGFR Alterations.",normalized,pdf,openalex,https://air.unimi.it/bitstream/2434/1252879/2/hyman-et-al-2019-combined-pik3ca-and-fgfr-inhibition-with-alpelisib-and-infigratinib-in-patients-with-pik3ca-mutant.pdf,artifacts/04_primary_full_text_ingestion/04_pdf/01_staged/PMID_35100734.pdf,artifacts/04_primary_full_text_ingestion/04_pdf/03_normalized/pmid-35100734.json,20364,8,missing,normalized,normalized,0,Open-access PDF staged. No usable PMC XML or automatically accessible PDF normalized. Normalized from pdf.
pmid-35138919,35138919,PMC8865530,10.1200/PO.21.00424,Phase II Study of Taselisib in PIK3CA-Mutated Solid Tumors Other Than Breast and Squamous Lung Cancer: Results From the NCI-MATCH ECOG-ACRIN Trial (EAY131) Subprotocol I.,normalized,pdf,europe_pmc,https://europepmc.org/articles/PMC8865530?pdf=render,artifacts/04_primary_full_text_ingestion/04_pdf/01_staged/PMID_35138919.pdf,artifacts/04_primary_full_text_ingestion/04_pdf/03_normalized/pmid-35138919.json,18946,10,unusable,normalized,normalized,0,PMC XML body element is missing. Open-access PDF staged. No usable PMC XML or automatically accessible PDF normalized. Normalized from pdf.
pmid-35311394,35311394,,10.1177/03008916211073621,"BYL719 (alpelisib) for the treatment of PIK3CA-mutated, recurrent/advanced cervical cancer.",normalized,pdf,user_pdf,,artifacts/04_primary_full_text_ingestion/04_pdf/01_staged/PMID_35311394.pdf,artifacts/04_primary_full_text_ingestion/04_pdf/03_normalized/pmid-35311394.json,9191,4,not_attempted,normalized,normalized,0,"User PDF staged from BYL719 (alpelisib) for the treatment of PIK3CA-mutated, recurrent:advanced cervical cancer..pdf. Expected staged PDF found. Normalized from pdf."
pmid-35365185,35365185,PMC8974145,10.1186/s13058-022-01521-3,Targeting SHP2 phosphatase in breast cancer overcomes RTK-mediated resistance to PI3K inhibitors.,normalized,pmc_xml,ncbi_pmc,https://eutils.ncbi.nlm.nih.gov/entrez/eutils/efetch.fcgi?db=pmc&id=8974145&retmode=xml,artifacts/04_primary_full_text_ingestion/03_pmc/01_raw_xml/8974145.xml,artifacts/04_primary_full_text_ingestion/03_pmc/02_normalized/pmid-35365185.json,36373,8,usable,not_attempted,not_attempted,0,Normalized from pmc_xml.
pmid-35771551,35771551,,10.1158/2159-8290.CD-21-1696,"Alpelisib Monotherapy for PI3K-Altered, Pretreated Advanced Breast Cancer: A Phase II Study.",normalized,pdf,user_pdf,,artifacts/04_primary_full_text_ingestion/04_pdf/01_staged/PMID_35771551.pdf,artifacts/04_primary_full_text_ingestion/04_pdf/03_normalized/pmid-35771551.json,28942,8,not_attempted,normalized,normalized,0,"User PDF staged from Alpelisib Monotherapy for PI3K-Altered, Pretreated Advanced Breast Cancer- A Phase II Study..pdf. Expected staged PDF found. Normalized from pdf."
pmid-35968355,35968355,PMC9360227,,PI3K inhibitors in trastuzumab-resistant HER2-positive breast cancer cells with PI3K pathway alterations.,normalized,pdf,europe_pmc,https://europepmc.org/articles/PMC9360227?pdf=render,artifacts/04_primary_full_text_ingestion/04_pdf/01_staged/PMID_35968355.pdf,artifacts/04_primary_full_text_ingestion/04_pdf/03_normalized/pmid-35968355.json,18811,6,unusable,normalized,normalized,0,PMC XML body element is missing. Open-access PDF staged. No usable PMC XML or automatically accessible PDF normalized. Normalized from pdf.
pmid-36611120,36611120,,10.1038/s41388-022-02585-3,Alpelisib and fulvestrant in PIK3CA-mutated hormone receptor-positive HER2-negative advanced breast cancer included in the French early access program.,normalized,pdf,europe_pmc,https://www.researchsquare.com/article/rs-2145653/latest.pdf,artifacts/04_primary_full_text_ingestion/04_pdf/01_staged/PMID_36611120.pdf,artifacts/04_primary_full_text_ingestion/04_pdf/03_normalized/pmid-36611120.json,14096,8,missing,normalized,normalized,0,Open-access PDF staged. No usable PMC XML or automatically accessible PDF normalized. Normalized from pdf.
pmid-36805958,36805958,PMC12440294,10.1158/1535-7163.MCT-21-0667,Tumor and Stromal Cell Targeting with Nintedanib and Alpelisib Overcomes Intrinsic Bladder Cancer Resistance.,normalized,pmc_xml,ncbi_pmc,https://eutils.ncbi.nlm.nih.gov/entrez/eutils/efetch.fcgi?db=pmc&id=12440294&retmode=xml,artifacts/04_primary_full_text_ingestion/03_pmc/01_raw_xml/12440294.xml,artifacts/04_primary_full_text_ingestion/03_pmc/02_normalized/pmid-36805958.json,26676,9,usable,not_attempted,not_attempted,0,Normalized from pmc_xml.
pmid-36892268,36892268,PMC10552898,10.1002/1878-0261.13416,"ER+, HER2- advanced breast cancer treated with taselisib and fulvestrant: genomic landscape and associated clinical outcomes.",normalized,pmc_xml,ncbi_pmc,https://eutils.ncbi.nlm.nih.gov/entrez/eutils/efetch.fcgi?db=pmc&id=10552898&retmode=xml,artifacts/04_primary_full_text_ingestion/03_pmc/01_raw_xml/10552898.xml,artifacts/04_primary_full_text_ingestion/03_pmc/02_normalized/pmid-36892268.json,19260,6,usable,not_attempted,not_attempted,0,Normalized from pmc_xml.
pmid-36923283,36923283,PMC10010328,10.1158/2767-9764.CRC-22-0028,A Phase IB Trial of the PI3K Inhibitor Alpelisib and Weekly Cisplatin in Patients with Solid Tumor Malignancies.,normalized,pmc_xml,ncbi_pmc,https://eutils.ncbi.nlm.nih.gov/entrez/eutils/efetch.fcgi?db=pmc&id=10010328&retmode=xml,artifacts/04_primary_full_text_ingestion/03_pmc/01_raw_xml/10010328.xml,artifacts/04_primary_full_text_ingestion/03_pmc/02_normalized/pmid-36923283.json,18804,9,usable,not_attempted,not_attempted,0,Normalized from pmc_xml.
pmid-37044095,37044095,PMC10140479,10.1016/j.xcrm.2023.101002,N-acetylcysteine overcomes NF1 loss-driven resistance to PI3Kα inhibition in breast cancer.,normalized,pmc_xml,ncbi_pmc,https://eutils.ncbi.nlm.nih.gov/entrez/eutils/efetch.fcgi?db=pmc&id=10140479&retmode=xml,artifacts/04_primary_full_text_ingestion/03_pmc/01_raw_xml/10140479.xml,artifacts/04_primary_full_text_ingestion/03_pmc/02_normalized/pmid-37044095.json,42311,8,usable,not_attempted,not_attempted,0,Normalized from pmc_xml.
pmid-37101291,37101291,PMC10131374,10.1186/s13073-023-01181-8,"Multiple PIK3CA mutation clonality correlates with outcomes in taselisib + fulvestrant-treated ER+/HER2-, PIK3CA-mutated breast cancers.",normalized,pmc_xml,ncbi_pmc,https://eutils.ncbi.nlm.nih.gov/entrez/eutils/efetch.fcgi?db=pmc&id=10131374&retmode=xml,artifacts/04_primary_full_text_ingestion/03_pmc/01_raw_xml/10131374.xml,artifacts/04_primary_full_text_ingestion/03_pmc/02_normalized/pmid-37101291.json,23538,10,usable,not_attempted,not_attempted,0,Normalized from pmc_xml.
pmid-37163178,37163178,PMC10164376,10.2147/BTT.S395817,Treating Alpelisib-Induced Hyperinsulinemia in Patients with Advanced Breast Cancer - A Real-Life Experience.,normalized,pmc_xml,ncbi_pmc,https://eutils.ncbi.nlm.nih.gov/entrez/eutils/efetch.fcgi?db=pmc&id=10164376&retmode=xml,artifacts/04_primary_full_text_ingestion/03_pmc/01_raw_xml/10164376.xml,artifacts/04_primary_full_text_ingestion/03_pmc/02_normalized/pmid-37163178.json,9404,4,usable,not_attempted,not_attempted,0,Normalized from pmc_xml.
pmid-37493631,37493631,PMC10811747,10.1158/1541-7786.MCR-23-0034,CBF-Beta Mitigates PI3K-Alpha-Specific Inhibitor Killing through PIM1 in PIK3CA-Mutant Gastric Cancer.,normalized,pmc_xml,ncbi_pmc,https://eutils.ncbi.nlm.nih.gov/entrez/eutils/efetch.fcgi?db=pmc&id=10811747&retmode=xml,artifacts/04_primary_full_text_ingestion/03_pmc/01_raw_xml/10811747.xml,artifacts/04_primary_full_text_ingestion/03_pmc/02_normalized/pmid-37493631.json,32575,8,usable,not_attempted,not_attempted,0,Normalized from pmc_xml.
pmid-37623743,37623743,PMC10618743,10.1158/2159-8290.CD-23-0396,"STX-478, a Mutant-Selective, Allosteric PI3Kα Inhibitor Spares Metabolic Dysfunction and Improves Therapeutic Response in PI3Kα-Mutant Xenografts.",normalized,pmc_xml,ncbi_pmc,https://eutils.ncbi.nlm.nih.gov/entrez/eutils/efetch.fcgi?db=pmc&id=10618743&retmode=xml,artifacts/04_primary_full_text_ingestion/03_pmc/01_raw_xml/10618743.xml,artifacts/04_primary_full_text_ingestion/03_pmc/02_normalized/pmid-37623743.json,36034,9,usable,not_attempted,not_attempted,0,Normalized from pmc_xml.
pmid-37916958,37916958,PMC10850944,10.1158/2159-8290.CD-23-0704,Allosteric PI3Kα Inhibition Overcomes On-target Resistance to Orthosteric Inhibitors Mediated by Secondary PIK3CA Mutations.,normalized,pmc_xml,ncbi_pmc,https://eutils.ncbi.nlm.nih.gov/entrez/eutils/efetch.fcgi?db=pmc&id=10850944&retmode=xml,artifacts/04_primary_full_text_ingestion/03_pmc/01_raw_xml/10850944.xml,artifacts/04_primary_full_text_ingestion/03_pmc/02_normalized/pmid-37916958.json,23168,7,usable,not_attempted,not_attempted,0,Normalized from pmc_xml.
pmid-38273040,38273040,PMC10810864,10.1038/s41698-024-00496-y,Integrative modeling uncovers p21-driven drug resistance and prioritizes therapies for PIK3CA-mutant breast cancer.,normalized,pmc_xml,ncbi_pmc,https://eutils.ncbi.nlm.nih.gov/entrez/eutils/efetch.fcgi?db=pmc&id=10810864&retmode=xml,artifacts/04_primary_full_text_ingestion/03_pmc/01_raw_xml/10810864.xml,artifacts/04_primary_full_text_ingestion/03_pmc/02_normalized/pmid-38273040.json,47554,9,usable,not_attempted,not_attempted,0,Normalized from pmc_xml.
pmid-38286037,38286037,PMC11627550,10.1016/j.biopha.2024.116217,β1 integrin mediates unresponsiveness to PI3Kα inhibition for radiochemosensitization of 3D HNSCC models.,normalized,pmc_xml,ncbi_pmc,https://eutils.ncbi.nlm.nih.gov/entrez/eutils/efetch.fcgi?db=pmc&id=11627550&retmode=xml,artifacts/04_primary_full_text_ingestion/03_pmc/01_raw_xml/11627550.xml,artifacts/04_primary_full_text_ingestion/03_pmc/02_normalized/pmid-38286037.json,20582,6,usable,not_attempted,not_attempted,0,Normalized from pmc_xml.
pmid-38986734,38986734,,10.1016/j.canlet.2024.217112,PI3K PROTAC overcomes the lapatinib resistance in PIK3CA-mutant HER2 positive breast cancer.,normalized,pdf,local_staged_pdf,,artifacts/04_primary_full_text_ingestion/04_pdf/01_staged/PMID_38986734.pdf,artifacts/04_primary_full_text_ingestion/04_pdf/03_normalized/pmid-38986734.json,24725,10,not_attempted,normalized,normalized,0,Expected staged PDF found. Normalized from pdf.
pmid-39177931,39177931,PMC11452482,10.1007/s10549-024-07405-8,SGLT2 inhibition improves PI3Kα inhibitor-induced hyperglycemia: findings from preclinical animal models and from patients in the BYLieve and SOLAR-1 trials.,normalized,pmc_xml,ncbi_pmc,https://eutils.ncbi.nlm.nih.gov/entrez/eutils/efetch.fcgi?db=pmc&id=11452482&retmode=xml,artifacts/04_primary_full_text_ingestion/03_pmc/01_raw_xml/11452482.xml,artifacts/04_primary_full_text_ingestion/03_pmc/02_normalized/pmid-39177931.json,10241,4,usable,not_attempted,not_attempted,0,Normalized from pmc_xml.
pmid-39637900,39637900,,10.1016/S1470-2045(24)00673-9,"Alpelisib plus fulvestrant in PIK3CA-mutated, hormone receptor-positive advanced breast cancer after a CDK4/6 inhibitor (BYLieve): one cohort of a phase 2, multicentre, open-label, non-comparative study.",normalized,pdf,user_pdf,,artifacts/04_primary_full_text_ingestion/04_pdf/01_staged/PMID_39637900.pdf,artifacts/04_primary_full_text_ingestion/04_pdf/03_normalized/pmid-39637900.json,11351,4,not_attempted,normalized,normalized,0,"User PDF staged from Alpelisib plus fulvestrant in PIK3CA-mutated, hormone receptor-positive advanced breast cancer after a CDK4:6 inhibitor (BYLieve)- one cohort of a phase 2, multicentre, open-label, non-comparative study..pdf. Expected staged PDF found. Normalized from pdf."
pmid-39920872,39920872,PMC11806886,10.1186/s40170-025-00375-5,CD36 inhibition enhances the anti-proliferative effects of PI3K inhibitors in PTEN-loss anti-HER2 resistant breast cancer cells.,normalized,pmc_xml,ncbi_pmc,https://eutils.ncbi.nlm.nih.gov/entrez/eutils/efetch.fcgi?db=pmc&id=11806886&retmode=xml,artifacts/04_primary_full_text_ingestion/03_pmc/01_raw_xml/11806886.xml,artifacts/04_primary_full_text_ingestion/03_pmc/02_normalized/pmid-39920872.json,17782,8,usable,not_attempted,not_attempted,0,Normalized from pmc_xml.
pmid-40295072,40295072,,10.21873/anticanres.17567,Development of Acquired Resistance in Alpelisib-treated Gastric Cancer Cells With PIK3CA Mutations and Overcoming Strategies.,normalized,pdf,user_pdf,,artifacts/04_primary_full_text_ingestion/04_pdf/01_staged/PMID_40295072.pdf,artifacts/04_primary_full_text_ingestion/04_pdf/03_normalized/pmid-40295072.json,17836,7,not_attempted,normalized,normalized,0,User PDF staged from Development of Acquired Resistance in Alpelisib-treated Gastric Cancer Cells With PIK3CA Mutations and Overcoming Strategies..pdf. Expected staged PDF found. Normalized from pdf.
pmid-40360883,40360883,PMC12304390,10.1038/s41416-025-03035-z,"Multi-node inhibition targeting mTORC1, mTORC2 and PI3Kα potently inhibits the PI3K/AKT/mTOR pathway in endometrial and breast cancer models.",normalized,pmc_xml,ncbi_pmc,https://eutils.ncbi.nlm.nih.gov/entrez/eutils/efetch.fcgi?db=pmc&id=12304390&retmode=xml,artifacts/04_primary_full_text_ingestion/03_pmc/01_raw_xml/12304390.xml,artifacts/04_primary_full_text_ingestion/03_pmc/02_normalized/pmid-40360883.json,35418,10,usable,not_attempted,not_attempted,0,Normalized from pmc_xml.
pmid-40382983,40382983,,10.1016/j.drup.2025.101251,MicroRNA-mediated PTEN downregulation as a novel non-genetic mechanism of acquired resistance to PI3Kα inhibitors of head & neck squamous cell carcinoma.,normalized,pdf,user_pdf,,artifacts/04_primary_full_text_ingestion/04_pdf/01_staged/PMID_40382983.pdf,artifacts/04_primary_full_text_ingestion/04_pdf/03_normalized/pmid-40382983.json,31878,10,not_attempted,normalized,normalized,0,User PDF staged from MicroRNA-mediated PTEN downregulation as a novel non-genetic mechanism of acquired resistance to PI3KŒ± inhibitors of head & neck squamous cell carcinoma..pdf. Expected staged PDF found. Normalized from pdf.
pmid-40454641,40454641,PMC13496148,10.1056/NEJMoa2501796,Overall Survival with Inavolisib in PIK3CA-Mutated Advanced Breast Cancer.,normalized,pmc_xml,ncbi_pmc,https://eutils.ncbi.nlm.nih.gov/entrez/eutils/efetch.fcgi?db=pmc&id=13496148&retmode=xml,artifacts/04_primary_full_text_ingestion/03_pmc/01_raw_xml/13496148.xml,artifacts/04_primary_full_text_ingestion/03_pmc/02_normalized/pmid-40454641.json,21065,9,usable,not_attempted,not_attempted,0,Normalized from pmc_xml.
pmid-40536266,40536266,PMC12204390,10.1093/oncolo/oyaf126,Prolonged response to PIK3CA inhibition in an advanced hormone-positive breast cancer patient with 3 mutations in the alpha subunit of PI-3 kinase.,normalized,pmc_xml,ncbi_pmc,https://eutils.ncbi.nlm.nih.gov/entrez/eutils/efetch.fcgi?db=pmc&id=12204390&retmode=xml,artifacts/04_primary_full_text_ingestion/03_pmc/01_raw_xml/12204390.xml,artifacts/04_primary_full_text_ingestion/03_pmc/02_normalized/pmid-40536266.json,9191,6,usable,not_attempted,not_attempted,0,Normalized from pmc_xml.
pmid-40845250,40845250,,10.1200/JCO-25-00663,"US Food and Drug Administration Approval Summary: Inavolisib With Palbociclib and Fulvestrant for Endocrine-Resistant, PIK3CA-Mutated, Hormone Receptor-Positive, Human Epidermal Growth Factor Receptor 2-Negative, Locally Advanced or Metastatic Breast Cancer.",normalized,pdf,user_pdf,,artifacts/04_primary_full_text_ingestion/04_pdf/01_staged/PMID_40845250.pdf,artifacts/04_primary_full_text_ingestion/04_pdf/03_normalized/pmid-40845250.json,28245,12,not_attempted,normalized,normalized,0,User PDF staged from PMID 40845250.pdf. Expected staged PDF found. Normalized from pdf.
pmid-40991650,40991650,PMC12618074,10.1172/JCI180927,USP10/GSK3β-mediated inhibition of PTEN drives resistance to PI3K inhibitors in breast cancer.,normalized,pmc_xml,ncbi_pmc,https://eutils.ncbi.nlm.nih.gov/entrez/eutils/efetch.fcgi?db=pmc&id=12618074&retmode=xml,artifacts/04_primary_full_text_ingestion/03_pmc/01_raw_xml/12618074.xml,artifacts/04_primary_full_text_ingestion/03_pmc/02_normalized/pmid-40991650.json,42240,14,usable,not_attempted,not_attempted,0,Normalized from pmc_xml.
pmid-41967638,41967638,,10.1016/j.annonc.2026.04.003,Genomic determinants of response to alpelisib plus fulvestrant in the SOLAR-1 trial.,normalized,pdf,user_pdf,,artifacts/04_primary_full_text_ingestion/04_pdf/01_staged/PMID_41967638.pdf,artifacts/04_primary_full_text_ingestion/04_pdf/03_normalized/pmid-41967638.json,27359,9,not_attempted,normalized,normalized,0,User PDF staged from Genomic determinants of response to alpelisib plus fulvestrant in the SOLAR-1 trial..pdf. Expected staged PDF found. Normalized from pdf.
pmid-42202490,42202490,PMC13235453,10.1016/j.esmoop.2026.107735,"Safety analyses of the INAVO120 randomised phase III trial of inavolisib or placebo with palbociclib-fulvestrant in patients with PIK3CA-mutated, hormone receptor-positive, HER2-negative, endocrine-resistant advanced breast cancer.",normalized,pmc_xml,ncbi_pmc,https://eutils.ncbi.nlm.nih.gov/entrez/eutils/efetch.fcgi?db=pmc&id=13235453&retmode=xml,artifacts/04_primary_full_text_ingestion/03_pmc/01_raw_xml/13235453.xml,artifacts/04_primary_full_text_ingestion/03_pmc/02_normalized/pmid-42202490.json,35341,18,usable,not_attempted,not_attempted,0,Normalized from pmc_xml.
pmid-42373848,42373848,,10.1038/s41598-026-57970-9,A phase II study of alpelisib and capecitabine in patients with previously treated metastatic colorectal cancer (KCSG-CO21-04).,normalized,pdf,openalex,https://www.nature.com/articles/s41598-026-57970-9_reference.pdf,artifacts/04_primary_full_text_ingestion/04_pdf/01_staged/PMID_42373848.pdf,artifacts/04_primary_full_text_ingestion/04_pdf/03_normalized/pmid-42373848.json,16045,19,missing,normalized,normalized,0,Open-access PDF staged. No usable PMC XML or automatically accessible PDF normalized. Normalized from pdf.
