paper_id,pmid,pmcid,doi,title,source_format,raw_chars,narrative_chars,retention_ratio,kept_section_count,excluded_section_count,excluded_char_count,chunk_count,warning_flags,review_recommendation,kept_section_titles,excluded_section_titles
pmid-25409150,25409150,PMC4326538,10.1038/nature13948,Convergent loss of PTEN leads to clinical resistance to a PI(3)Kα inhibitor.,pmc_xml,19914,12981,0.652,2,8,5252,20,few_kept_sections;possible_abstract_or_body_only,inspect_for_possible_overfiltering,Abstract; Introduction,Methods [methods_heading]; Renilla Luciferase [inside_methods_block]; PTEN#1 [inside_methods_block]; PTEN#2 [inside_methods_block]; Patient-derived xenografts and IHC [inside_methods_block]; Whole genome and whole exome sequencing [inside_methods_block]; Targeted exome sequencing (MSK-IMPACT) [inside_methods_block]; Statistical analysis [methods_heading]
pmid-32494066,32494066,,10.1038/s41586-020-2175-2,Landscape and function of multiple mutations within individual oncogenes.,pdf,60142,24144,0.401,6,11,27748,39,,pass,Abstract; Introduction; Selection pattern of MMs in PIK3CA; Widespread biased selection for MMs; Lineage specificity of oncogenic MMs; Functional relevance of MMs,"Online content [end_matter_or_non_narrative_heading]; Methods [methods_heading]; Data set preparation [inside_methods_block]; Oncogenes, TSGs and NFGs [inside_methods_block]; Identification of MM + oncogenes by permutation [inside_methods_block]; Hotspot/functional mutation analysis [inside_methods_block]; Enrichment of mutational combinations [inside_methods_block]; Determination of cis and trans phase of MMs [inside_methods_block]; Association with clinical and genetic information [inside_methods_block]; CCLE cell line data [inside_methods_block]; Article [empty_after_caption_or_tail_filter]"
pmid-36892268,36892268,PMC10552898,10.1002/1878-0261.13416,"ER+, HER2- advanced breast cancer treated with taselisib and fulvestrant: genomic landscape and associated clinical outcomes.",pmc_xml,46490,19260,0.414,6,15,19415,31,,pass,Abstract; Introduction; Genomic landscape of EOT ctDNA in participants who experienced clinical benefit from study treatment; Paired baseline and EOT ctDNA analysis of PIK3CAmut participants who experienced clinical benefit from study treatment; Discussion; Discussion,Study design and participants [methods_heading]; Plasma ctDNA collection [inside_methods_block]; Comprehensive genomic profiling [inside_methods_block]; Statistical analyses [inside_methods_block]; Analysis population and participant demographics [inside_methods_block]; Genomic landscape of baseline ctDNA [inside_methods_block]; Genomic analysis of baseline ctDNA and association with clinical outcomes [inside_methods_block]; PIK3CAmut cohort [inside_methods_block]; PIK3CA NMD cohort [inside_methods_block]; Baseline tumour fraction estimate and clinical outcomes [inside_methods_block]; PIK3CAmut cohort [inside_methods_block]; PIK3CA NMD cohort [inside_methods_block]; Conflict of interest [end_matter_or_non_narrative_heading]; Author contributions [end_matter_or_non_narrative_heading]; Peer review [after_discussion_end_matter_guard]
pmid-24895459,24895459,,10.1158/1078-0432.CCR-13-3377,Cotargeting of epidermal growth factor receptor and PI3K overcomes PI3K-Akt oncogenic dependence in pancreatic ductal adenocarcinoma.,pdf,40281,17549,0.436,6,11,14407,28,,pass,Abstract; Introduction; PDAC cell lines and inhibitors; Cell proliferation; Dual treatment erlotinib þ BYL reduced tumor volume in vivo; Discussion,Immunofluorescence (confocal microscopy) [methods_heading]; RTK phosphoarray and Western blotting [inside_methods_block]; Translational Relevance [inside_methods_block]; Cell-cycle assay (flow cytometry) [inside_methods_block]; Apoptosis assay (flow cytometry) [inside_methods_block]; Clonogenic assay (anchorage-dependent growth) [inside_methods_block]; Migration assay [inside_methods_block]; In vivo human xenograft tumors and immunohistochemistry [inside_methods_block]; Statistical analysis [methods_heading]; Effects of EGFR-IGFIR and EGFR-PI3K DBs in vitro [inside_methods_block]; Disclosure of Potential Conflicts of Interest [after_discussion_end_matter_guard]
pmid-34544753,34544753,PMC9762331,10.1158/2159-8290.CD-21-0072,RTK-Dependent Inducible Degradation of Mutant PI3Kα Drives GDC-0077 (Inavolisib) Efficacy.,pmc_xml,71136,31334,0.440,9,22,27009,49,,pass,Abstract; Introduction; PI3K Inhibitor Potency in PIK3CA-Mutant Cells; In Vivo Efficacy of GDC-0077; Taselisib and GDC-0077 Induce Mutant p110a Degradation; p85b Potentiates p110a Degradation by Recruiting p110a to the Membrane; Taselisib- and GDC-0077–Induced Mutant p110a Degradation Is Dependent on RTK Activity; p110a Mutant–Degrading Inhibitors Provide More Sustained Benefit in HER2-Positive versus HER2-Negative p110a-Mutant Cancers; Discussion,Chemical Reagents [after_discussion_end_matter_guard]; Antibody Reagents [after_discussion_end_matter_guard]; pPRAS40 ELISA [after_discussion_end_matter_guard]; Viability Assay CellTiter-Glo [after_discussion_end_matter_guard]; Nucleosome ELISA [after_discussion_end_matter_guard]; Cell Lines and Cell Culture [methods_heading]; CRISPR Engineering of HCC1954 Cells [inside_methods_block]; siRNA Transfection [inside_methods_block]; Western Blots [inside_methods_block]; Subcellular Fractionation [inside_methods_block]; Immunoprecipitation and Pulldown [inside_methods_block]; RNA Isolation and PIK3CA Allele–Specific qRT-PCR [inside_methods_block]; Intracellular Drug Concentration [inside_methods_block]; PI3K ADP-Glo Assays for Ki Measurement [inside_methods_block]; Kinetic Solubility [inside_methods_block]; Plasma Protein Binding [inside_methods_block]; Madin-Darby Canine Kidney Cell Permeability [inside_methods_block]; Drug Half-Life in Vivo [inside_methods_block]; Pulse-Chase [inside_methods_block]; Animal Studies [methods_heading]; Mass Spectrometry [inside_methods_block]; Authors' Disclosures [inside_methods_block]
pmid-40295072,40295072,,10.21873/anticanres.17567,Development of Acquired Resistance in Alpelisib-treated Gastric Cancer Cells With PIK3CA Mutations and Overcoming Strategies.,pdf,40179,17836,0.444,7,6,17810,34,,pass,"Abstract; Introduction; Loss of PTEN function causes acquired alpelisib resistance; Loss of PTEN leads to activation of SRC, STAT1, AKT, and PRAS40 phosphorylation in acquired alpelisib-resistant SNU601 and AGS cells; Screening of PI3K or AKT inhibitors was conducted to examine whether they could overcome acquired alpelisibresistance in SNU601-R and AGS-R cells. To investigate another strategy of inhibiting the PI3K and AKT signaling pathways, we treated SNU601-R and AGS-R cells with Figure 3. Protein expression of JAK/STAT and AKT signaling pathways in acquired alpelisib-resistant cells. (A) JAK/STAT phosphorylation array analysis was performed in SNU601-P and -R cells, as well as AGS-P and -R cells (n=2). (B) AKT phosphorylation array analysis was conducted in SNU601-P and -R cells, as well as AGS-P and -R cells (n=2). (C) For; Discussion; Discussion","Materials and Methods [methods_heading]; Antibodies and reagents [inside_methods_block]; Evaluation of alpelisib cytotoxicity in parental and acquired alpelisib-resistant SNU601 and AGS cells. (A) SNU601 parent and acquired alpelisib-resistant cells and (B) AGS parent and acquired alpelisib-resistant cells were seeded in 384-well plates and treated with alpelisib at the indicated concentrations (n=4). After 3 days of incubation, the antiproliferative effect was assessed using the CellTiter-Glo ® luminescent cell viability assay [inside_methods_block]; Identification of PTEN loss through whole exome sequencing in SNU601-R and AGS-R cells. (A) In SNU601-R cells, PTEN loss was characterized by a copy number loss accompanied by a p.R74fs frameshift deletion. (B) In AGS-R cells, both homologous alleles containing the PTEN locus were completely lost [protocol_or_procedural_section]; SN38 combined with capivasertib demonstrated notable cytotoxic activity in SNU601-R and AGS-R cells [end_matter_or_non_narrative_heading]; Western blot analysis was performed in SNU601-R and AGS-R cells using specific antibodies to detect the expression of indicated proteins. (B) [methods_heading]"
pmid-37044095,37044095,PMC10140479,10.1016/j.xcrm.2023.101002,N-acetylcysteine overcomes NF1 loss-driven resistance to PI3Kα inhibition in breast cancer.,pmc_xml,94355,42311,0.448,8,42,51340,72,,pass,Abstract; Introduction; Parallel in vivo screens identify NF1 loss as a resistance-enhancing event in PI3Kα inhibition; Loss of NF1 reduces sensitivity to PI3Kα inhibition in vitro and in vivo; NF1-depleted cells have reduced reactive oxygen species (ROS) levels and lower mitochondrial respiration; NAC treatment circumvents resistance to PI3Kα inhibition; NAC synergizes with PI3Kα inhibition and dampens mTOR signaling; Discussion,Limitations of the study [after_discussion_end_matter_guard]; Key resources table [end_matter_or_non_narrative_heading]; Lead contact [after_discussion_end_matter_guard]; Material availability [after_discussion_end_matter_guard]; Cell lines and organoids [methods_heading]; Animal experiments [inside_methods_block]; Transgenic animals [inside_methods_block]; NF1 mutations in public breast cancer datasets [inside_methods_block]; Doubling time calculation [inside_methods_block]; Drugs [inside_methods_block]; Generation of stable shRNA cell lines [end_matter_or_non_narrative_heading]; Cloning of CRISPR vectors for NF1 KO [inside_methods_block]; Knockout with transient vectors [inside_methods_block]; Generation of lentivirus [inside_methods_block]; Infection of T47D and MCF7 cancer cells [inside_methods_block]; Infection of PDX-derived cancer cells [inside_methods_block]; D drug response of organoids [after_discussion_end_matter_guard]; Colony formation assay [inside_methods_block]; Cell cycle analysis [inside_methods_block]; Quantification of MitoSOX and ROS-DCFDA [inside_methods_block]; Quantification of mitochondrial content [inside_methods_block]; Quantification of GSSG/GSH levels [inside_methods_block]; Seahorse experiments [inside_methods_block]; Immunoblotting [inside_methods_block]; Quantitative real-time PCR [inside_methods_block]; Tracking of indels by decomposition [inside_methods_block]; Sample preparation [inside_methods_block]; Data acquisition of phosphorylated peptides [inside_methods_block]; Data acquisition of TMT peptides [inside_methods_block]; Phosphoproteome data analysis [inside_methods_block]; TMT data analysis [inside_methods_block]; Analysis [inside_methods_block]; Quantitative insertion site sequencing [inside_methods_block]; Mapping and transposon integration sites [inside_methods_block]; Integration site quantification [inside_methods_block]; Association of integration sites with genes [inside_methods_block]; Enrichment of unique integration sites [inside_methods_block]; Cell RNA isolation and library preparation [inside_methods_block]; Tumor RNA isolation and library preparation [inside_methods_block]; Alignment and differential gene expression [inside_methods_block]; Motif activity response analysis [after_discussion_end_matter_guard]; Quantification and statistical analysis [inside_methods_block]
pmid-32864625,32864625,PMC7450824,10.1038/s43018-020-0047-1,Alterations in PTEN and ESR1 promote clinical resistance to alpelisib plus aromatase inhibitors.,pmc_xml,50752,23226,0.458,6,14,24139,39,,pass,Abstract; Introduction; Safety Findings; Response evaluation; ctDNA and tissue analyses of pre- and post-progression samples; Discussion,"Study population [methods_heading]; Dose escalation and MTD [inside_methods_block]; Clinical trial eligibility [after_discussion_end_matter_guard]; Study design [methods_heading]; Safety and radiographic assessments [after_discussion_end_matter_guard]; Tumor tissue sequencing [inside_methods_block]; Cell-free DNA extraction, library preparation, and sequencing [inside_methods_block]; Bioinformatics analysis and variant detection [inside_methods_block]; ctDNA fraction and cancer cell fraction assessment [inside_methods_block]; Mutational signatures from hypermutated patients [after_discussion_end_matter_guard]; cfDNA digital droplet PCR [inside_methods_block]; Generation of ESR1 Y537S knock in MCF7 cell line [inside_methods_block]; Animal Studies [methods_heading]; Statistics and Reproducibility [methods_heading]"
pmid-40382983,40382983,,10.1016/j.drup.2025.101251,MicroRNA-mediated PTEN downregulation as a novel non-genetic mechanism of acquired resistance to PI3Kα inhibitors of head & neck squamous cell carcinoma.,pdf,66057,31878,0.483,10,19,23632,53,,pass,Abstract; Introduction; PDX response calls; Organoid generation; Expression of PTEN favours the response to the PI3K inhibitor alpelisib in HNSCC cells; Acquired resistance to alpelisib relies on the activation of the c-MYC/miR-17-92/PTEN axis in HNSCC cells; PLK-1 inhibitors override microRNA-dependent PTEN downregulation in resistance to PIK3α inhibitors in HNSCC cells; Rigosertib overrides the resistance of HNSCC PDX-and PDO-derived organoids to PI3K inhibitors; Discussion; Discussion,Cell culture and treatments [methods_heading]; Generation of alpelisib-resistant Detroit562 cells [inside_methods_block]; Cell transfection [inside_methods_block]; RNA extraction and expression analysis [methods_heading]; Digital PCR [inside_methods_block]; Determination of the genetic profiles and analysis of the results [inside_methods_block]; Dual-luciferase reporter assay [inside_methods_block]; Cell viability assay [inside_methods_block]; Lysate preparation and immunoblotting analysis [inside_methods_block]; ELISA assay [inside_methods_block]; Clonogenic assays [inside_methods_block]; Chromatin immunoprecipitation (ChIP) [inside_methods_block]; PDX models of HNSCC [inside_methods_block]; Spheroid and organoid viability assays [protocol_or_procedural_section]; Bioinformatics analysis miRNA expression data from PDXs [inside_methods_block]; Gene expression and protein expression data from the HNSCC TCGA [inside_methods_block]; Phosphoprotein profiling [inside_methods_block]; Alpelisib-dependent modulation of microRNAs distinguishes responder from non-responder HNSCC PDXs [inside_methods_block]; Not applicable [after_discussion_end_matter_guard]
pmid-42373848,42373848,,10.1038/s41598-026-57970-9,A phase II study of alpelisib and capecitabine in patients with previously treated metastatic colorectal cancer (KCSG-CO21-04).,pdf,33034,16045,0.486,19,5,9771,32,,pass,Abstract; Introduction; A R T I C L E I N P R E S S; A R T I C L E I N P R E S S; Patients; A R T I C L E I N P R E S S; Efficacy; Ethics approval and consent to participate; Patient characteristics; Efficacy; Safety; A R T I C L E I N P R E S S; Overview and sample collection; Baseline genomic alterations; A R T I C L E I N P R E S S; Molecular Response Assessment; A R T I C L E I N P R E S S; Pathway level molecular analysis; Discussion,Study design [methods_heading]; A R T I C L E I N P R E S S [after_discussion_end_matter_guard]; A R T I C L E I N P R E S S [after_discussion_end_matter_guard]; A R T I C L E I N P R E S S [after_discussion_end_matter_guard]; A R T I C L E I N P R E S S [after_discussion_end_matter_guard]
pmid-35968355,35968355,PMC9360227,,PI3K inhibitors in trastuzumab-resistant HER2-positive breast cancer cells with PI3K pathway alterations.,pdf,36561,18811,0.515,6,10,14417,28,,pass,"Abstract; Introduction; Cell lines, cell culture, and reagents; By suppressing the PI3K downstream signaling pathway, combination treatment with PI3K inhibitors and trastuzumab induces marked apoptosis in resistant breast cancer cells; The treatment of alpelisib plus trastuzumab inhibits the growth of tumor xenografts bearing PIK3CA mutations; Discussion",Western blot analysis [methods_heading]; Colony formation assay [inside_methods_block]; In vitro antiproliferation activity analysis [inside_methods_block]; In vitro apoptosis analysis [inside_methods_block]; Combination index (CI) [inside_methods_block]; Small interfering RNA (siRNA) knockdown of PTEN (siPTEN) [inside_methods_block]; Caspase 3 and 7 activity [inside_methods_block]; Orthotopic xenograft mouse model and in situ TUNEL assays [inside_methods_block]; Statistical analysis [methods_heading]; Effects of PI3K inhibitors in HER2-positive trastuzumab-resistant breast cancer cells [inside_methods_block]
pmid-37916958,37916958,PMC10850944,10.1158/2159-8290.CD-23-0704,Allosteric PI3Kα Inhibition Overcomes On-target Resistance to Orthosteric Inhibitors Mediated by Secondary PIK3CA Mutations.,pmc_xml,44896,23168,0.516,7,12,13310,38,,pass,"Abstract; Introduction; Acquired Resistance Alterations in Serial ctDNA from Patients Treated with Alpelisib and Inavolisib; Landscape of Acquired PI3K Alterations in Rapid Autopsy Tissue Series; De Novo Mutations in the PI3K/AKT Pathway Emerge during Treatment and Lead to Acquired Resistance; Mutations in PIK3CA Involving Trp780 or Gln859 Impair the Activity of ATP-Competitive, Alpha-Selective PI3K Inhibitors; Discussion",Patients [after_discussion_end_matter_guard]; cfDNA Analysis [after_discussion_end_matter_guard]; Autopsy [after_discussion_end_matter_guard]; WES Pipeline for Autopsy [after_discussion_end_matter_guard]; Phylogenetic Analysis of Multiple Samples from the Same Patient [after_discussion_end_matter_guard]; Free Energy Calculations [after_discussion_end_matter_guard]; Cell Culture and General Reagents [methods_heading]; Dose-Response Experiments [after_discussion_end_matter_guard]; Western Blot Analysis [methods_heading]; Cell-Free DNA Extraction and ddPCR [inside_methods_block]; Surface Plasmon Resonance Binding Assay [inside_methods_block]; Data Availability [end_matter_or_non_narrative_heading]
pmid-38273040,38273040,PMC10810864,10.1038/s41698-024-00496-y,Integrative modeling uncovers p21-driven drug resistance and prioritizes therapies for PIK3CA-mutant breast cancer.,pmc_xml,88326,47554,0.538,9,45,40053,80,,pass,Abstract; Introduction; Integrated computational models capture signal dynamics of PI3K network; Computational modeling prioritizes synergism between drug combinations; Selection of high p21 levels promotes resistance to PI3Kα inhibition; Evasion of cellular senescence overcomes the anti-proliferative effect of BYL719; Genomic instability is a vulnerability of BYL719-resistant breast cancer cells; Extending the applicability of experimental and in silico models; Discussion,Computational modeling [after_discussion_end_matter_guard]; Mathematical model description and assumptions [after_discussion_end_matter_guard]; Upstream receptor tyrosine kinases (RTKs) [after_discussion_end_matter_guard]; Cell cycle machinery [after_discussion_end_matter_guard]; Major feedback loops and crosstalk mechanisms [after_discussion_end_matter_guard]; Rb-mediated feedback to mTORC2/AKT [after_discussion_end_matter_guard]; Cyclin D1-CDK4/6 mediated feedback loop [after_discussion_end_matter_guard]; S6K-mediated negative feedback loop [after_discussion_end_matter_guard]; GAB-mediated feedback loop [after_discussion_end_matter_guard]; P-Rex1-mediated feedback loop [after_discussion_end_matter_guard]; ERK-mediated feedback loops [after_discussion_end_matter_guard]; FOXO3-mediated feedback loop [after_discussion_end_matter_guard]; ER-mediated feedback loops [after_discussion_end_matter_guard]; NDRG1-mediated feedback loop [after_discussion_end_matter_guard]; Other crosstalk mechanisms [after_discussion_end_matter_guard]; Model implementation [after_discussion_end_matter_guard]; Model calibration and generation of “parental PI3K model” [after_discussion_end_matter_guard]; Model calibration for T47D parental cells [after_discussion_end_matter_guard]; Genetic algorithm specification [after_discussion_end_matter_guard]; Calibration implementation [after_discussion_end_matter_guard]; Ensemble simulation to mitigate issues with model unidentifiability [after_discussion_end_matter_guard]; Generation of “resistant PI3K model” [after_discussion_end_matter_guard]; Construction of the phenotypic model [after_discussion_end_matter_guard]; Establishment of cell lines resistant to targeted therapies [methods_heading]; CDKN1A and Tp53 knock-down via CRISPR/Cas9 [inside_methods_block]; Cell growth assays [inside_methods_block]; Protein lysates and immunoblotting [inside_methods_block]; D cell growth assay [inside_methods_block]; Culture of T47D cells and cell lysis [inside_methods_block]; Protein precipitation and digestion [inside_methods_block]; Samples’ clean-up and phosphopeptide enrichment [inside_methods_block]; Data-dependent acquisition (DDA) LC-MS/MS [inside_methods_block]; Protein identification and quantification [inside_methods_block]; Data analysis [inside_methods_block]; Cell cycle analysis [inside_methods_block]; Quantitative reverse-transcription PCR [inside_methods_block]; β-galactosidase cell senescence assay [inside_methods_block]; γH2AX and 53BP1 staining [inside_methods_block]; Cell death assay [inside_methods_block]; p21 cellular localization [inside_methods_block]; CellTiter-Glo assay [inside_methods_block]; Simulation of drugs combinations and drugs synergy [inside_methods_block]; Patient survival analysis [inside_methods_block]; Reporting summary [end_matter_or_non_narrative_heading]; Supplementary information [end_matter_or_non_narrative_heading]
pmid-24405121,24405121,,10.1111/bjh.12734,"PI3KCA plays a major role in multiple myeloma and its inhibition with BYL719 decreases proliferation, synergizes with other therapies and overcomes stroma-induced resistance.",pdf,36476,19949,0.547,7,11,10220,32,,pass,Abstract; Introduction; PI3KCA isoform plays a major role in MM Progression and BYL719 inhibits MM proliferation; BYL719 induces Apoptosis in MM cells; BYL719 synergizes with proteasome inhibitors; BYL719 inhibits adhesion to BM stroma and overcomes drug resistance to proteasome inhibitors induced by stroma; Discussion,Reagents [methods_heading]; Cells [inside_methods_block]; Gene expression analysis [inside_methods_block]; Cell viability assay [inside_methods_block]; Synergism calculation [inside_methods_block]; Apoptosis assay [inside_methods_block]; Cell cycle analysis [inside_methods_block]; Western blotting [inside_methods_block]; Adhesion of MM cells to BMSCs [inside_methods_block]; In silico simulation of biological effect [inside_methods_block]; Creation of cell line models [inside_methods_block]
pmid-32887722,32887722,,10.1158/1078-0432.CCR-20-0645,Phase Ib Study of Ribociclib plus Fulvestrant and Ribociclib plus Fulvestrant plus PI3K Inhibitor (Alpelisib or Buparlisib) for HR+ Advanced Breast Cancer.,pdf,46549,25697,0.552,15,7,12361,43,,pass,Abstract; Introduction; Double treatment arms; Triple-treatment arms; Study assessments Safety; Pharmacokinetics; Efficacy; Biomarkers; Patient disposition and characteristics; RP2D/MTD; AEs; Pharmacokinetics; Efficacy; Biomarkers; Discussion,Study design [methods_heading]; Translational Relevance [inside_methods_block]; Patient population [inside_methods_block]; Study oversight [inside_methods_block]; Dose and regimen selections [inside_methods_block]; Dose escalations [protocol_or_procedural_section]; Authors' Disclosures [after_discussion_end_matter_guard]
pmid-32976773,32976773,PMC7562820,10.1016/j.ccell.2020.08.016,Metabolic Imaging Detects Resistance to PI3Kα Inhibition Mediated by Persistent FOXM1 Expression in ER+ Breast Cancer.,pmc_xml,83522,46129,0.552,10,31,37077,87,,pass,"Abstract; Introduction; Early Responses to a PI3Kα Inhibitor Can Be Detected Using Metabolic Imaging With Hyperpolarized [1-13C]Pyruvate; Imaging With Hyperpolarized [1-13C]Pyruvate Can Detect Induced Resistance to PI3Kα Inhibition; Combination Treatments That Overcome Resistance to PI3Kα-Specific Inhibition Resulted in Decreased LDHA Protein Expression and Enzyme Activity; Effective PI3Kα Inhibition Lowered Tumor FOXM1, Whereas Acquisition of Resistance Resulted in Persistent FOXM1 and LDHA Expression; FOXM1 as a Biomarker of Resistance to PI3Kα Inhibitors Can Be Explained by PI3K Signaling-Dependent Phosphorylation of FOXO3a; FOXM1 Overexpression Confers Drug Resistance; Clinical Studies; Discussion","Key Resources Table [end_matter_or_non_narrative_heading]; Lead Contact [after_discussion_end_matter_guard]; Materials Availability [methods_heading]; Data and Code Availability [end_matter_or_non_narrative_heading]; Cell Lines [methods_heading]; Patient-Derived Tumor Cells (PDTCs), Disaggregated Cells from T47DR Tumors and PDXs [inside_methods_block]; Animals [inside_methods_block]; FFPE Clinical Samples [inside_methods_block]; PTEN KD [inside_methods_block]; PTEN KO [inside_methods_block]; LDHA-KD, FOXM1-KD and FOXM1C-mStrawberry [inside_methods_block]; Xenografts [inside_methods_block]; C Magnetic Resonance Spectroscopy [inside_methods_block]; [18F]FDG PET/CT [inside_methods_block]; RNA Extraction for RT–qPCR and RNA-seq [methods_heading]; Western Blots [inside_methods_block]; Immunofluorescence [methods_heading]; Cell Viability Assays [inside_methods_block]; Flow Cytometric Measurements of mStrawberry Fluorescence [inside_methods_block]; [18F]FDG Uptake [inside_methods_block]; LDH Activity [inside_methods_block]; Lactate Measurements [inside_methods_block]; Measurements of Glycolytic Flux [inside_methods_block]; FOXM1 CHIP [inside_methods_block]; Flow Cytometry Analysis of Human and Mouse Cells in PDTC Cultures [inside_methods_block]; Immunohistochemistry of Prelinical and Clinical Samples [methods_heading]; FISH Analysis of HCI-001 and HCI011 PDX FFPE Tumor Sections [inside_methods_block]; MSKCC Patient RNAseq Data Re-analysis [inside_methods_block]; METABRIC Follow-Up Data Re-analysis [inside_methods_block]; Quantification and Statistical Analysis [inside_methods_block]; Survival Analyses [inside_methods_block]"
pmid-37623743,37623743,PMC10618743,10.1158/2159-8290.CD-23-0396,"STX-478, a Mutant-Selective, Allosteric PI3Kα Inhibitor Spares Metabolic Dysfunction and Improves Therapeutic Response in PI3Kα-Mutant Xenografts.",pmc_xml,64323,36034,0.560,9,13,13499,55,,pass,"Abstract; Introduction; STX-478, a Mutant-Selective, Allosteric PI3Kα Inhibitor; STX-478 Selectively Targets PI3Kα Activity and Cell Viability in PI3Kα-Mutant Cells; STX-478 Treatment Yields Robust Antitumor Efficacy in PI3Kα-Mutant Tumors without Metabolic Dysregulation in Mice; Benchmarking STX-478 in the CAL-33 (H1047R PI3Kα) Human HNSCC Xenograft Model; STX-478 Is Efficacious across a Panel of PI3Kα-Mutant Cell-Derived Xenograft and Patient-Derived Xenograft Tumors without Evidence of Insulin Resistance; Safety and Efficacy of Clinically Relevant Combination Therapies; Discussion","STX-478 Synthesis and Alpelisib [after_discussion_end_matter_guard]; Protein Expression and Purification [after_discussion_end_matter_guard]; Crystallization, Data Collection, and Processing [after_discussion_end_matter_guard]; Structure Solution and Refinement [after_discussion_end_matter_guard]; SPR [after_discussion_end_matter_guard]; PI3Kα ATPase Assay [after_discussion_end_matter_guard]; Kinome Selectivity Profiling [after_discussion_end_matter_guard]; Cellular Assays [after_discussion_end_matter_guard]; pAKT Homogenous Time-Resolve Fluorescence [after_discussion_end_matter_guard]; Cell Proliferation [after_discussion_end_matter_guard]; Human Adipocyte 3H-2-Deoxyglucose Uptake [after_discussion_end_matter_guard]; Animal Studies [methods_heading]; Data Availability [end_matter_or_non_narrative_heading]"
pmid-30167089,30167089,PMC6114962,10.18632/oncotarget.25854,"A Phase Ib, open-label, dose-finding study of alpelisib in combination with paclitaxel in patients with advanced solid tumors.",pmc_xml,23527,13775,0.585,8,7,5990,23,,pass,Abstract; Introduction; Patient characteristics and disposition; Dose finding and dose-limiting toxicities; Safety and tolerability; Pharmacokinetics; Clinical activity; Discussion,Study design [methods_heading]; Patient population [inside_methods_block]; Protocol amendments [inside_methods_block]; Treatment [after_discussion_end_matter_guard]; Assessments [inside_methods_block]; Analysis sets [inside_methods_block]; Statistical analyses [inside_methods_block]
pmid-31091374,31091374,,10.1056/NEJMoa1813904,"Alpelisib for PIK3CA-Mutated, Hormone Receptor-Positive Advanced Breast Cancer.",pdf,36159,21202,0.586,7,6,7726,34,,pass,Abstract; Patients; Characteristics of the Patients; Treatment in the Cohort with PIK3CA-Mutated Cancer; Efficacy of Alpelisib-Fulvestrant in the Cohort without PIK3CA-Mutated Cancer; Safety; Discussion,METHODS [methods_heading]; Trial Design [inside_methods_block]; End Points [methods_heading]; Assessments [inside_methods_block]; Trial Oversight [inside_methods_block]; Statistical Analysis [methods_heading]
pmid-29850984,29850984,,10.1007/s10549-018-4792-0,Phase I study of alpelisib (BYL-719) and trastuzumab emtansine (T-DM1) in HER2-positive metastatic breast cancer (MBC) after trastuzumab and taxane therapy.,pdf,27696,16592,0.599,7,8,8474,26,,pass,Abstract; Introduction; Patient population; Safety and efficacy assessments; Clinical activity; PI3K pathway aberrations; Discussion,Study design [methods_heading]; Statistical analysis [methods_heading]; Correlative studies [inside_methods_block]; Study population [methods_heading]; DLT and MTD [inside_methods_block]; Adverse events (AE) [inside_methods_block]; Management of serious adverse events [inside_methods_block]; Tolerability [inside_methods_block]
pmid-24608574,24608574,,10.1158/1535-7163.MCT-13-0865,Characterization of the novel and specific PI3Kα inhibitor NVP-BYL719 and development of the patient stratification strategy for clinical trials.,pdf,44684,26958,0.603,11,7,12713,48,,pass,Abstract; Introduction; Chemical entities; Antibodies; NVP-BYL719 potently and selectively inhibits PI3Ka in vitro; NVP-BYL719 shows robust PK/PD/Efficacy relationship in PI3Ka-driven tumors; NVP-BYL719 shows an improved safety profile compared with pan-class I inhibition; PIK3CA mutation is a positive predictor and is ranked first mutated feature associated with NVP-BYL719 sensitivity; PIK3CA amplification and PTEN mutation also modulate response to NVP-BYL719; PIK3CA mutant cell lines are selectively sensitive to NVP-BYL719; Discussion,Cell lines and in vitro compound profiling [methods_heading]; High-throughput pharmacologic cell line profiling [inside_methods_block]; In vivo studies in mice and rats [inside_methods_block]; Automated calls of NVP-BYL719 sensitivity [inside_methods_block]; Genetic and genomic characterization of cell lines [inside_methods_block]; NVP-BYL719 compound differential selectivity analysis [inside_methods_block]; NPV (%) 69 [after_discussion_end_matter_guard]
pmid-37101291,37101291,PMC10131374,10.1186/s13073-023-01181-8,"Multiple PIK3CA mutation clonality correlates with outcomes in taselisib + fulvestrant-treated ER+/HER2-, PIK3CA-mutated breast cancers.",pmc_xml,38996,23538,0.604,10,6,16565,33,,pass,Abstract; Introduction; SANDPIPER clinical trial; Plasma ctDNA collection and comprehensive genomic profiling (CGP); Independent breast cancer dataset; PIK3CAmut clonality estimation; Signaling pathway cluster analysis; Analysis of patient response to PI3K inhibition; Discussion; Discussion,Statistical analyses and software [protocol_or_procedural_section]; Clonality estimation of multiple PIK3CAmut in ctDNA [inside_methods_block]; Clonal multiple PIK3CAmut exhibit fewer RTK co-alterations [inside_methods_block]; Independent dataset analysis of clonal PIK3CAmut findings [inside_methods_block]; Clonal multiple PIK3CAmut associate with improved clinical outcomes [inside_methods_block]; Untitled [after_discussion_end_matter_guard]
pmid-39920872,39920872,PMC11806886,10.1186/s40170-025-00375-5,CD36 inhibition enhances the anti-proliferative effects of PI3K inhibitors in PTEN-loss anti-HER2 resistant breast cancer cells.,pmc_xml,29256,17782,0.608,8,8,11952,29,,pass,Abstract; Introduction; Inhibitor treatment; Cell proliferation; Western blotting; Combination index (CI); Discussion; Discussion,Cell culture [methods_heading]; Statistical analysis [methods_heading]; Dual activation of SCD-1 and CD36 in HER2-positive breast cancer [inside_methods_block]; PI3K inhibitors decreased SCD-1 expression and induced CD36 expression in HER2-positive breast cancer cells [inside_methods_block]; Modulation of de novo lipogenesis SCD-1 in combination with PI3K inhibitors in anti-HER2 resistant breast cancer with PTEN-loss [inside_methods_block]; Blocking exogenous lipid uptake by serum depletion inhibited cell proliferation and up-regulated CD36 expression in anti-HER2 resistant breast cancer with PTEN-loss [inside_methods_block]; Modulation of FA uptake through CD36 in combination with PI3K inhibitors in anti-HER2 resistant breast cancer with PTEN-loss [inside_methods_block]; Electronic supplementary material [end_matter_or_non_narrative_heading]
pmid-35771551,35771551,,10.1158/2159-8290.CD-21-1696,"Alpelisib Monotherapy for PI3K-Altered, Pretreated Advanced Breast Cancer: A Phase II Study.",pdf,47589,28942,0.608,8,5,12622,46,,pass,Introduction; ABSTRACT; SIGNIFICANCE; Safety; Efficacy; Genomic Alterations; PI3K Pathway ctDNA Dynamics following Treatment; Discussion,Coexistent Somatic Mutations Identified through ctDNA Sequencing [protocol_or_procedural_section]; Study Design and Objectives [methods_heading]; Tumor Sequencing [inside_methods_block]; Plasma ctDNA Mutational Analysis [inside_methods_block]; Statistical Analysis [methods_heading]
pmid-32929011,32929011,PMC7533832,10.1073/pnas.2000060117,PIK3CA C-terminal frameshift mutations are novel oncogenic events that sensitize tumors to PI3K-α inhibition.,pdf,26675,16850,0.632,4,1,5538,28,,pass,Abstract; Introduction; Significance; Results and Discussion,Materials and Methods [methods_heading]
pmid-38986734,38986734,,10.1016/j.canlet.2024.217112,PI3K PROTAC overcomes the lapatinib resistance in PIK3CA-mutant HER2 positive breast cancer.,pdf,39139,24725,0.632,10,10,9342,38,,pass,Abstract; Introduction; Compound ZM-PI05; PI3K PROTAC overcomes HER2-targeted therapy resistance induced by PIK3CA gene mutation; PI3K PROTAC re-sensitizes lapatinib-resistant HER2+ cell lines to lapatinib; PI3K PROTAC enhanced the sensitivity of lapatinib in sensitive HER2+ cell lines and PDOs; PI3K PROTAC and lapatinib induce G1 phase arrest; PI3K PROTAC induces p110α degradation through CRBN and the proteasome; Overexpression of constitutively active AKT reverses the cell growth inhibition induced by PI3K PROTAC; Discussion,"Cell culture [methods_heading]; Plasmids, transfection, and lentivirus [inside_methods_block]; Western blotting [inside_methods_block]; Sulforhodamine B assays (SRB) [inside_methods_block]; Flow cytometry [inside_methods_block]; Animal models [inside_methods_block]; Patient-derived breast cancer organoids (PDOs) [inside_methods_block]; Statistical analysis [methods_heading]; Breast cancer cells with PIK3CA gene mutations exhibit increased sensitivity to PI3K PROTAC [inside_methods_block]; Fig. 3. PI3K PROTAC increases the sensitivity of lapatinib in BT474 and HER2þ PDOs [end_matter_or_non_narrative_heading]"
pmid-25528022,25528022,,10.1007/s10549-014-3239-5,A preclinical evaluation of the PI3K alpha/delta dominant inhibitor BAY 80-6946 in HER2-positive breast cancer models with acquired resistance to the HER2-targeted therapies trastuzumab and lapatinib.,pdf,25052,16002,0.639,8,7,5186,26,,pass,Abstract; Introduction; Results; MAPK signalling activation by BAY 80-6946 is inhibited by co-treatment with BAY 80-6946 and lapatinib; Combinations of afatinib and BAY 80-6946 are synergistic in HER2-positive cell lines; Combinations of trastuzumab and BAY 80-6946 improve response to either drug tested alone in HER2positive breast cancer cells including those with acquired trastuzumab resistance; PI3K inhibition does not sensitise de novo resistant HER2-positive breast cancer cell lines to HER2 inhibitors; Discussion,Cell culture [methods_heading]; Proliferation assays [inside_methods_block]; Invasion and migration assays [inside_methods_block]; Reverse phase protein array analysis [inside_methods_block]; DNA extraction and Sequenom MassArray analysis [inside_methods_block]; Statistical analysis [methods_heading]; Table 2 [end_matter_or_non_narrative_heading]
pmid-31594766,31594766,,10.1158/2159-8290.CD-18-0830,PTEN Loss Mediates Clinical Cross-Resistance to CDK4/6 and PI3Kα Inhibitors in Breast Cancer.,pdf,42980,28064,0.653,7,12,9737,48,,pass,Abstract; Introduction; Acquired Loss of RB and PTEN Expression in Patients Resistant to Letrozole and Ribociclib; PTEN Loss Induces Resistance to CDK4/6 Inhibitors in ER-Positive Breast Cancer Models; Inhibition of AKT Restores Sensitivity to CDK4/6 Inhibitors; PTEN Loss Drives Resistance to CDK4/6 Inhibitors by Increasing CDK2 and CDK4 Activity through Delocalization of p27 Outside of the Nucleus; Discussion,DNA Constructs [after_discussion_end_matter_guard]; Cell Lines and Reagents [methods_heading]; Immunoblotting and siRNA Knockdown [inside_methods_block]; Immunoprecipitation [inside_methods_block]; Viability Studies [inside_methods_block]; Cell Cycle [inside_methods_block]; Xenograft Mouse Studies [inside_methods_block]; Immunofluorescence [methods_heading]; Patients [after_discussion_end_matter_guard]; IHC on Patient Samples [inside_methods_block]; Statistical Analyses [inside_methods_block]; Disclosure of Potential Conflicts of Interest [inside_methods_block]
pmid-38286037,38286037,PMC11627550,10.1016/j.biopha.2024.116217,β1 integrin mediates unresponsiveness to PI3Kα inhibition for radiochemosensitization of 3D HNSCC models.,pmc_xml,31339,20582,0.657,6,13,11884,32,,pass,Abstract; Introduction; Chemicals and treatments; Results; PI3Kα inhibitor Alpelisib does not affect DNA damage repair; Discussion,Cell culture [methods_heading]; D colony formation assay [protocol_or_procedural_section]; DNA isolation [inside_methods_block]; Whole exome sequencing [inside_methods_block]; Bioinformatics pipeline [inside_methods_block]; Western blotting [inside_methods_block]; Akt activity assay [inside_methods_block]; D foci assay [inside_methods_block]; Phosphorylation pathway analysis [inside_methods_block]; RNA expression data [inside_methods_block]; Gene enrichment and network analyses [inside_methods_block]; Functional enrichment analysis [inside_methods_block]; Statistical analysis [methods_heading]
pmid-33909934,33909934,PMC8265362,10.1002/onco.13804,"Effectiveness of Alpelisib + Fulvestrant Compared with Real-World Standard Treatment Among Patients with HR+, HER2-, PIK3CA-Mutated Breast Cancer.",pmc_xml,36447,24127,0.662,13,5,8399,40,,pass,Abstract; Introduction; Study Overview and CGDB for Real‐World Setting Analysis of PFS with Standard Therapy in the CDK4/6i Setting; Inclusion and Exclusion Criteria; Objectives; Assessment of Treatment Effect; Patients; Index Treatments in the Real‐World Cohort; Patient Characteristics; Primary Objective: Evaluation and Comparison of PFS; Secondary Objective: PFS at the 6‐Month Milestone Time Point; Discussion; Discussion,Statistical Analysis [methods_heading]; Balancing Approaches on Observable Characteristics [inside_methods_block]; Limitations [after_discussion_end_matter_guard]; Author Contributions [end_matter_or_non_narrative_heading]; Disclosures [after_discussion_end_matter_guard]
pmid-29401002,29401002,PMC5920739,10.1200/JCO.2017.72.7107,Phosphatidylinositol 3-Kinase α-Selective Inhibition With Alpelisib (BYL719) in PIK3CA-Altered Solid Tumors: Results From the First-in-Human Study.,pdf,32091,21644,0.674,11,4,5513,37,,pass,Abstract; Introduction; Patient Population; Safety and Efficacy Assessments; Biomarker and Pharmacodynamic Assessments; Patient Characteristics and Disposition; Safety and Tolerability; Pharmacokinetic and Pharmacodynamics Analyses; Clinical Activity and Biomarker Analysis; jco.org; Discussion,Study Design [methods_heading]; Dose Escalation and Dose-Limiting Toxicities [protocol_or_procedural_section]; jco.org [after_discussion_end_matter_guard]; AUTHORS' DISCLOSURES OF POTENTIAL CONFLICTS OF INTEREST [after_discussion_end_matter_guard]
pmid-37493631,37493631,PMC10811747,10.1158/1541-7786.MCR-23-0034,CBF-Beta Mitigates PI3K-Alpha-Specific Inhibitor Killing through PIM1 in PIK3CA-Mutant Gastric Cancer.,pmc_xml,48103,32575,0.677,8,12,16275,52,,pass,"Abstract; Introduction; BYL719 effectively inhibits PI3K/AKT signaling in PIK3CA mutant cells; Application of CRISPR/Cas9-based screening method to identify modulators of BYL719 response; Loss of NEDD9 or inhibition of BCL-XL renders PIK3CA mutant gastric cancer cells hyper-sensitive to BYL719 treatment by increasing cell cycle arrest and cell death, respectively; Loss of CBFB confers resistance to BYL719; CBFB loss drives resistance to BYL719 through PIM1 kinase; Discussion",Cell Culture [methods_heading]; Growth Inhibition Assays (GI50) [inside_methods_block]; CRISPR library Lentivirus Production and Transduction [inside_methods_block]; Pooled Customized CRISPR Drug Sensitizer Screen and Analysis [inside_methods_block]; Generation of CRISPR Knockouts [inside_methods_block]; Immunoblotting [inside_methods_block]; BrdU and Activated Caspase-3 Assays [inside_methods_block]; RNA-Sequencing and Gene Expression Analysis [inside_methods_block]; Analysis of Clinical Data [inside_methods_block]; Statistical Analysis [methods_heading]; Data Availability [end_matter_or_non_narrative_heading]; PIK3CA mutation predicts sensitivity to BYL719 [inside_methods_block]
pmid-41967638,41967638,,10.1016/j.annonc.2026.04.003,Genomic determinants of response to alpelisib plus fulvestrant in the SOLAR-1 trial.,pdf,40324,27359,0.678,9,4,5088,46,,pass,Abstract; Introduction; Patients; PFS and OS in patients with PIK3CA alterations; PFS by TMB in patients with PIK3CA alterations cohort; PFS in patients with PIK3CA alterations plus alterations in selected genes; TMB; MTL in the PIK3CA-altered cohort; Discussion,Materials [methods_heading]; Analysis [inside_methods_block]; Patient characteristics [inside_methods_block]; Mutational landscape [inside_methods_block]
pmid-35138919,35138919,PMC8865530,10.1200/PO.21.00424,Phase II Study of Taselisib in PIK3CA-Mutated Solid Tumors Other Than Breast and Squamous Lung Cancer: Results From the NCI-MATCH ECOG-ACRIN Trial (EAY131) Subprotocol I.,pdf,27125,18946,0.698,10,5,5890,30,,pass,Abstract; Introduction; Patients determined to have an actionable mutation via Step 0 were eligible to be screened for Step 1. Key Step 1 EAY131-Arm I eligibility included presence of an activating; Evaluation of Response; Efficacy; Impact of Mutation Type and Comutations on Outcome; Time (months) PFS (probability); Impact of Disease Type on Outcome; Safety; Discussion,Study Design [methods_heading]; Study Population [methods_heading]; Study Treatment [methods_heading]; Statistics [methods_heading]; Patient Characteristics [inside_methods_block]
pmid-25053989,25053989,PMC4091530,10.18632/genesandcancer.10,Amphiregulin and PTEN evoke a multimodal mechanism of acquired resistance to PI3K inhibition.,pmc_xml,34304,23965,0.699,10,8,5001,37,,pass,Abstract; Introduction; EGFR ligands confer resistance to GDC-0941 in SW48 isogenic cells; GDC-0941 resistant cells exhibit increased PI3K pathway signaling when GDC-0941 is removed; GDC-0941 resistant clones secrete AREG that activates the MAPK pathway in the presence or absence of GDC-0941; PTEN loss alone does not cause PI3K inhibitor resistance; Resistant clones are sensitive to GDC-0941 in combination with MAPK pathway inhibitors; Resistant clone is less responsive to GDC-0941 in vivo; Resistant clone efficacy can be restored by MAPK inhibition; Discussion,Cell culture [methods_heading]; Compounds and reagents [inside_methods_block]; Secreted factor screen [inside_methods_block]; Resistant cell line selection [inside_methods_block]; Western blot and ELISA analyses [methods_heading]; cell viability assays [inside_methods_block]; siRNAs and transfections [inside_methods_block]; In Vivo Methods [inside_methods_block]
pmid-35100734,35100734,,10.1200/PO.19.00221,"Combined PIK3CA and FGFR Inhibition With Alpelisib and Infigratinib in Patients With PIK3CA-Mutant Solid Tumors, With or Without FGFR Alterations.",pdf,28763,20364,0.708,8,7,4755,35,,pass,Abstract; Introduction; Patients; Safety and Tolerability; Pharmacokinetics; Antitumor Efficacy; Genomic Correlates of Response; Discussion,Study Design [methods_heading]; Study Drug Administration [inside_methods_block]; Study Assessments [inside_methods_block]; Pharmacokinetic Analysis [inside_methods_block]; Genomic Sequencing [inside_methods_block]; Statistical Analysis [methods_heading]; Patient Demographics [inside_methods_block]
pmid-30237504,30237504,PMC6148236,10.1038/s41419-018-1025-8,IGF1R upregulation confers resistance to isoform-specific inhibitors of PI3K in PIK3CA-driven ovarian cancer.,pmc_xml,33144,23470,0.708,7,13,10663,37,,pass,"Abstract; Introduction; Sustained activation of the AKT/mTOR pathway is associated with resistance to GDC0032 in PIK3CA-mutated OC cell lines; IGF1R expression confers resistance to GDC0032 in PIK3CA-mutated OC cell lines; Dual treatment with AEW541 and GDC0032 enhances tumor growth arrest in vitro and in vivo, via potent inhibition of the AKT/mTOR pathway; IGF1R signaling determines tumor cell proliferation and autophagy; Discussion",Cell Lines [methods_heading]; Induction of GDC0032-resistant cell lines [inside_methods_block]; Antibodies and reagents [inside_methods_block]; Western blotting [inside_methods_block]; Cell Viability and Synergy Assays [inside_methods_block]; Xenograft Mouse Experiment [inside_methods_block]; Immunohistochemistry [methods_heading]; Cell Cycle [inside_methods_block]; RNA sequencing [inside_methods_block]; Imaging [inside_methods_block]; ShRNA screening [inside_methods_block]; Statistical analysis [methods_heading]; Untitled [inside_methods_block]
pmid-33602685,33602685,PMC8282704,10.1158/1078-0432.CCR-20-4879,Clinical and Biomarker Results from Phase I/II Study of PI3K Inhibitor Alpelisib plus Nab-paclitaxel in HER2-Negative Metastatic Breast Cancer.,pmc_xml,26705,19304,0.723,8,6,7686,30,,pass,Abstract; Introduction; Efficacy; Efficacy by PIK3CA status; Metabolic status and efficacy; Gene expression signatures; Pharmacokinetics; Discussion,Study design and Participants [methods_heading]; Procedures and Treatment [methods_heading]; Endpoints [methods_heading]; Statistical Analysis [methods_heading]; Phase I results [inside_methods_block]; Toxicity [inside_methods_block]
pmid-36805958,36805958,PMC12440294,10.1158/1535-7163.MCT-21-0667,Tumor and Stromal Cell Targeting with Nintedanib and Alpelisib Overcomes Intrinsic Bladder Cancer Resistance.,pmc_xml,36605,26676,0.729,9,12,10986,42,,pass,"Abstract; Introduction; PI3K activation does not correlate with Nintedanib sensitivity but it mediates intrinsic resistance of BC cells; PI3K inhibition synergizes with Nintedanib to impair BC cell growth in vitro and in vivo; Transcriptome analysis reveals that Nintedanib and Alpelisib differentially target the tumor and the stroma; The Nintedanib/Alpelisib combination induces changes in the expression of genes/pathways involved in cell cycle, DNA repair, and ECM remodeling; The Nintedanib/Alpelisib combination induces down-regulation of cell cycle and angiogenesis-related genes/pathways in the stroma; Endothelial cells and CAFs are targeted by the Nintedanib/Alpelisib combination; Discussion",Cell lines and cell culture [methods_heading]; Reagents [methods_heading]; Cell viability assays [inside_methods_block]; Western blotting and protein-based assays [inside_methods_block]; In vivo experiments [inside_methods_block]; Immunohistochemical (IHC) analyses [inside_methods_block]; RNA extraction and RNA-sequencing (RNA-seq) [methods_heading]; RNA-seq data analysis [inside_methods_block]; Plot Generation [inside_methods_block]; Statistical analysis [methods_heading]; Data Availability [end_matter_or_non_narrative_heading]; Nintedanib has modest in vitro anti-proliferative effects on bladder cancer cells [inside_methods_block]
pmid-24351425,24351425,PMC3974833,10.4161/cbt.27311,ERK2-dependent reactivation of Akt mediates the limited response of tumor cells with constitutive K-RAS activity to PI3K inhibition.,pdf,38620,28203,0.730,7,5,5642,48,,pass,Abstract; Introduction; K-RAS-GTP level is correlated with increased proliferation and clonogenic activity; K-RAS activity limits the response to the EGFR-TK inhibitor erlotinib and is associated with the autocrine production of EGFR ligand; Constitutive K-RAS activity regulates clonogenic cell survival through the PI3K/Akt pathway but not MAPK/ERK signaling; The ERK2-dependent reactivation of Akt following PI3K inhibition eliminates the anti-clonogenic effect of inhibitors; Discussion,"Materials [methods_heading]; Sequencing of EGFR, PIK3A, K-RAS, and TP53 [inside_methods_block]; RAS activity assay, protein extraction, western blotting, and enzyme-linked immunosorbent assay [inside_methods_block]; Statistics and densitometry [methods_heading]; Disclosure of Potential Conflicts of Interest [inside_methods_block]"
pmid-31439579,31439579,,10.1158/1078-0432.CCR-19-0508,"POSEIDON Trial Phase 1b Results: Safety, Efficacy and Circulating Tumor DNA Response of the Beta Isoform-Sparing PI3K Inhibitor Taselisib (GDC-0032) Combined with Tamoxifen in Hormone Receptor Positive Metastatic Breast Cancer Patients.",pdf,23987,18155,0.757,12,2,2121,33,,pass,Abstract; Introduction; Patients; Safety and dose intensity; Plasma pharmacokinetic and circulating tumor (ct)DNA studies; Tumor response; Baseline patient demographics and disease characteristics; Translational Relevance; Safety and tolerability; Antitumor activity and PIK3CA mutational status; Circulating tumor (ct)DNA correlative studies; Discussion,Study design and drug administration [methods_heading]; Disclosure of Potential Conflicts of Interest [after_discussion_end_matter_guard]
pmid-33186740,33186740,PMC8457522,10.1016/j.annonc.2020.10.596,"Phase III randomized study of taselisib or placebo with fulvestrant in estrogen receptor-positive, PIK3CA-mutant, HER2-negative, advanced breast cancer: the SANDPIPER trial.",pmc_xml,23682,18122,0.765,10,5,7499,29,,pass,Abstract; Introduction; Safety; Biomarker assessments; Tumor assessments; Efficacy; Safety; PIK3CA ctDNA biomarker assessment; TTD in HRQoL; Discussion,Study design and patients [methods_heading]; Randomization and masking [methods_heading]; Outcomes [methods_heading]; Statistical analysis [methods_heading]; Patient characteristics [inside_methods_block]
pmid-27048245,27048245,PMC4820873,10.1186/s13058-016-0697-1,Activation of IGF1R/p110β/AKT/mTOR confers resistance to α-specific PI3K inhibition.,pmc_xml,33991,26535,0.781,10,9,8447,47,,pass,"Abstract; Introduction; Sustained mTOR activity leads to BYL719 resistance in breast cancer cells harboring PIK3CA mutation; Phosphoproteomics revealed increases in IGF1R, IRS, and p85 PI3K tyrosine phosphorylation in resistant cell lines; IGF1R mediates resistance to BYL719; Activation of IGF1R/p110β/AKT/mTOR produces resistance to BYL719; Phosphorylated IRS and p85 recruit p110β in BYL719-resistant lines; p110β promotes resistance to BYL719 in an IGF1R/IRS-dependent manner; Discussion; Discussion",Cell lines [methods_heading]; Antibodies and reagents [inside_methods_block]; Sample preparation and phosphotyrosine immunoprecipitation for liquid chromatography–mass spectrometry [inside_methods_block]; Analysis by liquid chromatography/tandem mass spectrometry [inside_methods_block]; Immunoprecipitation and western blotting [inside_methods_block]; Cell number count [inside_methods_block]; Apoptosis assay [inside_methods_block]; Xenograft mouse experiment [inside_methods_block]; Statistical analysis [methods_heading]
pmid-40845250,40845250,,10.1200/JCO-25-00663,"US Food and Drug Administration Approval Summary: Inavolisib With Palbociclib and Fulvestrant for Endocrine-Resistant, PIK3CA-Mutated, Hormone Receptor-Positive, Human Epidermal Growth Factor Receptor 2-Negative, Locally Advanced or Metastatic Breast Cancer.",pdf,35653,28245,0.792,12,2,2727,50,,pass,Abstract; Introduction; Mechanism of Action and Pharmacology and Toxicology; Clinical Pharmacology; Clinical Trial Design; Patient Characteristics; Enrolled population; Efficacy; Safety; Patient-Reported Outcomes; Companion Diagnostic; Discussion,Statistical Analysis [methods_heading]; Risk and risk management [after_discussion_end_matter_guard]
pmid-33246021,33246021,,10.1016/j.annonc.2020.11.011,"Alpelisib plus fulvestrant for PIK3CA-mutated, hormone receptor-positive, human epidermal growth factor receptor-2-negative advanced breast cancer: final overall survival results from SOLAR-1.",pdf,24581,19700,0.801,9,2,2423,34,,pass,Abstract; Introduction; Trial design and patients; Patients and treatment; OS; First antineoplastic medication after discontinuation of study treatment; PFS on next subsequent therapy and TTC; Safety; Discussion,Endpoints [methods_heading]; Statistical analysis [methods_heading]
pmid-33685991,33685991,PMC8137641,10.1158/0008-5472.CAN-20-3232,Genomic Alterations in PIK3CA-Mutated Breast Cancer Result in mTORC1 Activation and Limit the Sensitivity to PI3Kα Inhibitors.,pmc_xml,31412,25151,0.801,11,9,6663,41,,pass,"Abstract; Introduction; Cell lines, chemical reagents and plasmids; Lentivirus production; Whole genome CRISPR-Cas9 knockout screen; GSEA pathway enrichment analysis; Genome-wide CRISPR KO screens identify regulators of PI3Kα inhibitor response; Convergent mTORC1 activation dictates PI3Kα inhibitor response; The nutrient-sensing mTORC1 pathway affects PI3Kα inhibitor response; Genomic lesions of the candidates were identified in primary and metastatic PIK3CA-mutated ER+ breast tumors; Discussion",Stable cell lines generation [end_matter_or_non_narrative_heading]; Western immunoblotting [protocol_or_procedural_section]; Immunofluorescence [methods_heading]; Competitive cellular growth assay [inside_methods_block]; Clonogenic-based cellular growth assay [inside_methods_block]; CellTiter-Glo (CTG)-based cell viability assay [inside_methods_block]; In vivo tumor xenograft [inside_methods_block]; TCGA and MSK datasets analysis [inside_methods_block]; Quantification and Statistical Analysis [inside_methods_block]
pmid-36923283,36923283,PMC10010328,10.1158/2767-9764.CRC-22-0028,A Phase IB Trial of the PI3K Inhibitor Alpelisib and Weekly Cisplatin in Patients with Solid Tumor Malignancies.,pmc_xml,23442,18804,0.802,9,5,3738,31,,pass,Abstract; Introduction; Patient Population; Safety and Efficacy Assessments; Safety Results; Efficacy Analyses; Genomic Analysis; Discussion; Discussion,Study Design [methods_heading]; Study Objectives and Statistical Methods [protocol_or_procedural_section]; Data Availability Statement [end_matter_or_non_narrative_heading]; Study Population and Patient Disposition [inside_methods_block]; Determination of MTD and RP2D [inside_methods_block]
pmid-35365185,35365185,PMC8974145,10.1186/s13058-022-01521-3,Targeting SHP2 phosphatase in breast cancer overcomes RTK-mediated resistance to PI3K inhibitors.,pmc_xml,44938,36373,0.809,8,11,9822,61,,pass,Abstract; Introduction; Inhibiting SHP2 counteracts acquired resistance to PI3K inhibition in PI3K mutant breast cancer cells; SHP2 confers resistance to PI3K inhibition upon overexpression and long-term PI3K inhibitor exposure; Targeting SHP2 effectively combats intrinsic resistance to PI3K inhibitors in TNBC cells; Dual inhibition of PI3K and SHP2 blocks organoid formation in a patient-derived breast cancer model and tumor growth in a xenograft model; Discussion; Discussion,"Cell lines and cell culturing [methods_heading]; Colony formation assays [inside_methods_block]; D organoid formation assay [inside_methods_block]; CellTiter-Glo cell viability assay [inside_methods_block]; Plasmids, cloning and transfection [inside_methods_block]; BYL719-resistant T47D and MDA-MB-453 cells [inside_methods_block]; Reagents, inhibitors, growth factors and antibodies [inside_methods_block]; Western blotting and human Phospho-RTK array [inside_methods_block]; In vivo xenograft experiment [inside_methods_block]; Quantifications and statistical analysis [inside_methods_block]; Untitled [after_discussion_end_matter_guard]"
pmid-34552006,34552006,,10.1158/1535-7163.MCT-20-0981,Phosphoproteomics Identifies PI3K Inhibitor-selective Adaptive Responses in Pancreatic Cancer Cell Therapy and Resistance.,pdf,51745,41891,0.810,9,4,3036,64,,pass,Abstract; Introduction; PI3K inhibitors induce different adaptive phospho-proteome responses; Global pathway analysis of phosphoproteome upon PI3K inhibition shows selective changes associated with different isoform-specificity; Pancreatic cancer cells present increased levels of p110γ expression in patients; Pancreatic cancer cells are sensitive to PI3Kγ inhibition in vitro and in vivo; Long-term inhibition of PI3Kγ allows compensation between PI3K isoforms in pancreatic cancer; The combination of PI3Kα and PI3Kγ selective inhibitors is synergistic in PDAC patients; Discussion,Reagents [methods_heading]; Cell lines and tissue samples [methods_heading]; SILAC phosphoproteome and Bioinformatics analysis [inside_methods_block]; Statistics [methods_heading]
pmid-28382169,28382169,PMC5381259,10.7150/thno.17830,Integration of Receptor Tyrosine Kinases Determines Sensitivity to PI3Kα-selective Inhibitors in Breast Cancer.,pmc_xml,32644,27113,0.831,10,9,7039,43,,pass,Abstract; Introduction; PI3K inhibitors concurrently down-regulate phosphorylated AKT and ERK in T47D and MCF-7 cells; Hyper-activation of RAF/MEK overrides inhibition of ERK phosphorylation by PI3K blockade; Hyper-activation of RAS or EGFR abrogates PI3K-regulated ERK phosphorylation in T47D and MCF-7 cells; The growth factors distinctly determine PI3K-dependent ERK phosphorylation in breast cancer cells; The disparity of RTKs expression profile determines PI3K-mediated signaling in breast cancer cells; Down-regulation of ERK phosphorylation by PI3K blockade indicates sensitivity to PI3K inhibitor in breast cancer cells; Discussion; Discussion,Regents [after_discussion_end_matter_guard]; Cell lines and proliferation assay [methods_heading]; Western blotting [inside_methods_block]; RNA interference [methods_heading]; Plasmids and transfection [inside_methods_block]; RAS-GTP Assay [inside_methods_block]; Animal studies [methods_heading]; Immunohistochemistry [methods_heading]; Statistical analysis [methods_heading]
pmid-33606974,33606974,PMC8384339,10.1016/j.molcel.2021.01.033,Regulation of PTEN translation by PI3K signaling maintains pathway homeostasis.,pmc_xml,52355,43921,0.839,11,18,8892,70,,pass,Abstract; Introduction; PTEN expression is regulated by the PI3K pathway; Oncogenic Activation of PI3K Signaling Increases PTEN Expression; Regulation of PTEN expression by PI3K is mediated by mTOR; mTOR controls PTEN expression by regulating its 4E-BP1-dependent translation; A computational model predicts the PTEN-dependent feedback regulation of the PI3K network; E-BP1-dependent regulation of PTEN expression limits the effects of perturbations of the pathway; Inhibition of PTEN translation by PI3K inhibitors causes reactivation of the pathway; Coexistent PI3K mutation and PTEN inactivation in tumors disables feedback and increases pathway output; Discussion,Limitations of the Study [after_discussion_end_matter_guard]; Lead Contact [after_discussion_end_matter_guard]; Materials Availability [methods_heading]; Data and Code Availability [end_matter_or_non_narrative_heading]; EXPERIMENTAL MODELS AND SUBJECT DETAILS [inside_methods_block]; Immunoblotting [inside_methods_block]; Viable Cell Counting [inside_methods_block]; Transfections [inside_methods_block]; E-BP1Knockout cell lines [inside_methods_block]; E-BP1–4A [inside_methods_block]; mRNA extraction and RTPCR [inside_methods_block]; AHA labeling and pull down [inside_methods_block]; Met S35 labelled Pulse-Chase [inside_methods_block]; Luciferase Assay [inside_methods_block]; Cell Migration assay [inside_methods_block]; PTEN in vitro activity assay [inside_methods_block]; Pairwise t test [inside_methods_block]; Standard Error of the Means [inside_methods_block]
pmid-25873175,25873175,PMC4398915,10.1016/j.ccell.2015.03.010,AXL mediates resistance to PI3Kα inhibition by activating the EGFR/PKC/mTOR axis in head and neck and esophageal squamous cell carcinomas.,pmc_xml,31338,26489,0.845,9,6,5233,42,,pass,Abstract; Introduction; Persistent mTOR activation defines SCC with acquired resistance to BYL719; EGFR activation is sufficient to limit the sensitivity to BYL719 in SCC cells; Anti-EGR treatment reverses acquired and intrinsic resistance to PI3Kα inhibition in SCC; Up-regulation of AXL and its interaction with EGFR are associated with resistance to BYL719; The AXL/EGFR interaction activates mTOR and limits the sensitivity to BYL719; AXL/EGFR binding activates the PLCγ-PKC signaling cascade; Discussion,Cell lines and chemical compounds [methods_heading]; Western blotting and Immunoprecipitation [inside_methods_block]; Establishment of tumor xenografts and studies in nude mice [methods_heading]; Patients [after_discussion_end_matter_guard]; Secreted protein screen [inside_methods_block]; Statistical analysis [methods_heading]
pmid-40360883,40360883,PMC12304390,10.1038/s41416-025-03035-z,"Multi-node inhibition targeting mTORC1, mTORC2 and PI3Kα potently inhibits the PI3K/AKT/mTOR pathway in endometrial and breast cancer models.",pmc_xml,41172,35418,0.860,10,8,7050,64,,pass,"Abstract; Introduction; A multi-node inhibitor strategy utilizing sapanisertib and serabelisib achieves improved PI3K/AKT/mTOR pathway inhibition versus single node inhibitors alpelisib, capivasertib and everolimus; Sapanisertib and serabelisib potently inhibit cancer cell growth individually and in combination; Sapanisertib plus serabelisib achieves improved PI3K/AKT/mTOR pathway inhibition versus single node inhibitors inavolisib, RLY-2608 and STX-478; Inhibition of 4E-BP1 (but not S6) phosphorylation correlates with drug potency; Sapanisertib plus serabelisib inhibits cancer cell growth in combination with a range of targeted and chemotherapeutic anticancer agents; Taxane resistance activates the PI3K/AKT/mTOR pathway, and taxane resistant cells retain sensitivity to sapanisertib plus serabelisib; Sapanisertib and serabelisib in combination with paclitaxel strongly suppress tumour growth of in vivo models of endometrial and breast cancer, which is further enhanced by an insulin-suppressing diet; Discussion",Drugs and compounds [after_discussion_end_matter_guard]; Cell culture [methods_heading]; Cell-based dose-response curves [after_discussion_end_matter_guard]; Immunoblotting [inside_methods_block]; Generation of paclitaxel resistant endometrial cancer cell lines [inside_methods_block]; Tumour xenografts [inside_methods_block]; Statistical analyses [inside_methods_block]; Supplementary information [end_matter_or_non_narrative_heading]
pmid-27604488,27604488,PMC5050154,10.1158/2159-8290.CD-16-0305,Systematic Functional Characterization of Resistance to PI3K Inhibition in Breast Cancer.,pmc_xml,49707,43486,0.875,9,6,6833,67,,pass,Abstract; Introduction; A large-scale gain-of-function screen for resistance to PI3K inhibition; PIM kinases confer resistance to PI3K inhibition in breast cancer cells; PIM1 activates PI3K downstream effectors in an AKT-independent manner; PIM inhibition enhances sensitivity to BYL719 in PIK3CA-mutant cancer cells with elevated PIM1 expression; PI3K resistance genes are uprequlated in breast tumor biopsies after BYL719 treatment; PIM family genes are amplified or overexpressed in treatment-naïve human breast tumors; Discussion,Cell lines and chemical reagents [methods_heading]; Open-reading frame (ORF) lentiviral expression screen [inside_methods_block]; Western immunoblottinq [inside_methods_block]; RNA-sequencing in tumor samples [inside_methods_block]; TCGA dataset analysis [inside_methods_block]; Statistical analysis [methods_heading]
pmid-33947692,33947692,PMC8282678,10.1158/1078-0432.CCR-21-0047,A Phase I Study of Alpelisib in Combination with Trastuzumab and LJM716 in Patients with PIK3CA-Mutated HER2-Positive Metastatic Breast Cancer.,pmc_xml,24700,21759,0.881,9,3,4423,34,,pass,Abstract; Introduction; Patient Selection; Toxicity and Treatment Response Assessment; Correlative and Exploratory Analyses; Safety and Dose-finding; Efficacy; Exploratory and Correlative Analyses; Discussion,Study Design and Treatment Plan [methods_heading]; Statistical Analyses [protocol_or_procedural_section]; Patient Characteristics and Demographics [inside_methods_block]
pmid-36611120,36611120,,10.1038/s41388-022-02585-3,Alpelisib and fulvestrant in PIK3CA-mutated hormone receptor-positive HER2-negative advanced breast cancer included in the French early access program.,pdf,15835,14096,0.890,8,1,1661,23,,pass,Abstract; Introduction; Patients and treatment; Data collection; Patients' and tumor characteristics; Treatment e cacy; Safety; Discussion,Endpoints and statistics [methods_heading]
pmid-31601188,31601188,PMC6785854,10.1186/s12885-019-6057-7,Interleukin-6 mediates resistance to PI3K-pathway-targeted therapy in lymphoma.,pmc_xml,28783,26445,0.919,11,5,4505,45,,pass,"Abstract; Introduction; Cell lines, culture conditions, transfection, and inhibitors; Assessment of cell viability; Cytokine and phospho-kinase arrays; Elisa; IL-6 expression is increased in B- and T-cell lymphoma cell lines with acquired resistance to copanlisib or duvelisib, respectively; IL-6 induces drug resistance by regulating STAT3/5; Inhibition of JAK sensitizes resistant cells to copanlisib or duvelisib; Discussion; Discussion",High-throughput screening assay [protocol_or_procedural_section]; Antibodies for Western blotting [inside_methods_block]; Apoptosis assay [inside_methods_block]; Soft agar colony formation [inside_methods_block]; Untitled [after_discussion_end_matter_guard]
pmid-21278786,21278786,PMC3107390,10.1038/onc.2010.626,PI3K inhibition results in enhanced HER signaling and acquired ERK dependency in HER2-overexpressing breast cancer.,pmc_xml,30041,27636,0.920,9,2,3874,43,,pass,Abstract; Introduction; Inhibition of PI3K/AKT/mTOR induces ERK phosphorylation in HER2-overexpressing cells; PI3K/mTOR inhibition induces HER receptor activation; PI3K inhibition induces HER2/3 receptor dimerization and increases binding of the adaptor GRB2 to HER2 and the p85 subunit of PI3K to HER3; ERK activation is prevented by HER2 and MEK1/2 inhibitors; HER2 blockade potentiates anti-proliferative and pro-apoptotic effects of PI3K/mTOR inhibition; HER2 or MEK1/2 inhibition potentiates the in vivo BEZ235 anti-tumor activity; Discussion,"Cell lines, treatments and siRNA [after_discussion_end_matter_guard]; Western blot, immunoprecipitation and cross-link [after_discussion_end_matter_guard]"
pmid-26640141,26640141,PMC4896860,10.1038/onc.2015.377,PIK3CA(H1047R)- and Her2-initiated mammary tumors escape PI3K dependency by compensatory activation of MEK-ERK signaling.,pmc_xml,33054,30696,0.929,9,7,3327,52,,pass,Abstract; Introduction; Mutant PIK3CA cooperates with Her2 to accelerate mammary tumor formation; Inducible expression of mutant PIK3CA resulted in activation of PI3K/AKT signaling but attenuation of Her2/Her3 signaling; Removal of PIK3CAH1047R induces tumor regression; PI3K activation confers intrinsic resistance to Her2 inhibition by lapatinib; Prolonged inhibition of PI3K induces hyperactivation of MEK-ERK signaling; MEK inhibition potentiates the anti-tumor activity of lapatinib; Discussion,Transgenic mice [after_discussion_end_matter_guard]; Histology and Immunohistochemistry [after_discussion_end_matter_guard]; Tumor grafting and in vivo treatment studies [after_discussion_end_matter_guard]; Western blot analysis and immunoprecipitation [methods_heading]; Reverse transcription polymerase chain reaction (RT-PCR) [inside_methods_block]; Statistical analyses [inside_methods_block]; In vivo bioluminescence imaging [inside_methods_block]
pmid-40991650,40991650,PMC12618074,10.1172/JCI180927,USP10/GSK3β-mediated inhibition of PTEN drives resistance to PI3K inhibitors in breast cancer.,pmc_xml,44782,42240,0.943,14,5,2824,64,,pass,Abstract; Introduction; PTEN expression does not correlate with PI3K downregulation following PI3K inhibition; USP10 is a positive regulator of PI3K signaling; USP10 is linked to PI3Ki resistance in breast cancers with high PTEN expression; USP10 stabilizes PTEN protein levels by inhibiting protein dimerization; Phosphorylation of residue Thr366 regulates PTEN dimerization; Treatment with a PI3Ki affects phosphorylation of PTEN residue Thr366; USP10 regulates GSK3β stability and phosphorylation of PTEN residue Thr366; USP10 mediates PTEN K27-linked polyubiquitination; USP10 is upregulated in breast cancer and contributes to PI3Ki resistance; Spautin-1 resensitizes PI3Ki-resistant cells; GSK3β inhibition resensitized PI3Ki-resistant cells to PI3K inhibition; Discussion,Sex as a biological variant [after_discussion_end_matter_guard]; Statistics [methods_heading]; Study approval [inside_methods_block]; Data availability [end_matter_or_non_narrative_heading]; Author contributions [end_matter_or_non_narrative_heading]
pmid-42202490,42202490,PMC13235453,10.1016/j.esmoop.2026.107735,"Safety analyses of the INAVO120 randomised phase III trial of inavolisib or placebo with palbociclib-fulvestrant in patients with PIK3CA-mutated, hormone receptor-positive, HER2-negative, endocrine-resistant advanced breast cancer.",pmc_xml,36921,35341,0.957,18,3,4100,58,,pass,Abstract; Introduction; Safety assessments; Adverse event management; Overall safety profile; Subgroups; Key selected adverse events; Hyperglycaemia; Subgroups; Rash; Subgroups; Stomatitis/mucosal inflammation; Subgroups; Diarrhoea; Subgroups; Other selected adverse events; Long-term safety; Discussion,Study design and procedures [methods_heading]; Statistical analysis [methods_heading]; Patient characteristics [inside_methods_block]
pmid-33024087,33024087,PMC7538592,10.1038/s41419-020-03037-0,CD44/HA signaling mediates acquired resistance to a PI3Kα inhibitor.,pmc_xml,36005,34681,0.963,12,5,2067,65,,pass,"Abstract; Introduction; A CD44high state is acquired due to the adaptive resistance to PI3Kα inhibition in luminal breast carcinomas (BrCas); CD44 is positively correlated with ER in PIK3CA-mutated breast cancers; CD44 mediates ER-dependent transcription upon PI3Kα inhibition; CD44 aberrant splicing is sufficient to limit the sensitivity of luminal BrCa cells to BYL719; Adaptive CD44high expression in response to PI3K inhibition is regulated by HA/HAS2 in a positive feedback loop; The enhanced CD44-HA interaction activates AKT/mTOR and attenuates sensitivity to BYL719; CD44/HA binding activates the Src-ERK-Ezrin signaling cascade; Interconnected feedback loops among PIK3CA, HA/HAS2, ESRP1, and ER regulate CD44 alternative splicing and adaptive resistance; Discussion; Discussion",Antibodies and reagents [after_discussion_end_matter_guard]; Generation of resistant cells [after_discussion_end_matter_guard]; ER phosphomutants [after_discussion_end_matter_guard]; TCGA data analysis [after_discussion_end_matter_guard]; Statistical analyses [after_discussion_end_matter_guard]
pmid-40454641,40454641,PMC13496148,10.1056/NEJMoa2501796,Overall Survival with Inavolisib in PIK3CA-Mutated Advanced Breast Cancer.,pmc_xml,21514,21065,0.979,9,2,2820,37,,pass,Abstract; Introduction; TRIAL OVERSIGHT; PATIENTS; TRIAL DESIGN AND TREATMENT; PATIENTS AND TRIAL REGIMENS; EFFICACY; SAFETY; Discussion,END POINTS [methods_heading]; STATISTICAL ANALYSIS [methods_heading]
pmid-26500061,26500061,PMC4846581,10.1038/onc.2015.406,"PI3K-p110α mediates resistance to HER2-targeted therapy in HER2+, PTEN-deficient breast cancers.",pmc_xml,14730,15784,1.072,6,0,0,25,,pass,"Abstract; Introduction; Mammary tumors driven by concurrent Her2+ and Pten deletion are dependent on p110α; p110α mediates PI3K/AKT signaling and anchorage-independent growth of human HER2+, PTEN-deficient breast cancer cells; Inhibition of p110a enhances sensitivity of HER2+, PTEN-deficient breast cancer cells to HER2-targeted therapy; Combined inhibition of p110α/β and lapatinib blocks the growth of HER2+, PTEN-deficient breast tumors in vivo",
pmid-33168657,33168657,PMC8535764,10.1158/1078-0432.CCR-20-3652,"FDA Approval Summary: Alpelisib Plus Fulvestrant for Patients with HR-positive, HER2-negative, PIK3CA-mutated, Advanced or Metastatic Breast Cancer.",pmc_xml,22962,24721,1.077,12,0,0,39,,pass,"Abstract; Introduction; Chemistry, Manufacturing, and Control; Nonclinical Pharmacology and Toxicology; Clinical Pharmacology; Clinical Trial Design; Efficacy; Safety; Companion Diagnostic (CDx) Development; Patient-Reported Outcomes (PRO); Regulatory Insights; Discussion",
pmid-33794206,33794206,,10.1016/S1470-2045(21)00034-6,"Alpelisib plus fulvestrant in PIK3CA-mutated, hormone receptor-positive advanced breast cancer after a CDK4/6 inhibitor (BYLieve): one cohort of a phase 2, multicentre, open-label, non-comparative study.",pdf,35711,11351,0.318,4,9,15739,18,low_retention_ratio,watch,Abstract; Introduction; Results; Discussion,Study design and participants [methods_heading]; Research in context [inside_methods_block]; Added value of this study [inside_methods_block]; Implications of all the available evidence [inside_methods_block]; Procedures [methods_heading]; Outcomes [methods_heading]; Statistical analysis [methods_heading]; Role of the funding source [end_matter_or_non_narrative_heading]; Table 1: Patient characteristics at baseline [end_matter_or_non_narrative_heading]
pmid-39637900,39637900,,10.1016/S1470-2045(24)00673-9,"Alpelisib plus fulvestrant in PIK3CA-mutated, hormone receptor-positive advanced breast cancer after a CDK4/6 inhibitor (BYLieve): one cohort of a phase 2, multicentre, open-label, non-comparative study.",pdf,35711,11351,0.318,4,9,15739,18,low_retention_ratio,watch,Abstract; Introduction; Results; Discussion,Study design and participants [methods_heading]; Research in context [inside_methods_block]; Added value of this study [inside_methods_block]; Implications of all the available evidence [inside_methods_block]; Procedures [methods_heading]; Outcomes [methods_heading]; Statistical analysis [methods_heading]; Role of the funding source [end_matter_or_non_narrative_heading]; Table 1: Patient characteristics at baseline [end_matter_or_non_narrative_heading]
pmid-39177931,39177931,PMC11452482,10.1007/s10549-024-07405-8,SGLT2 inhibition improves PI3Kα inhibitor-induced hyperglycemia: findings from preclinical animal models and from patients in the BYLieve and SOLAR-1 trials.,pmc_xml,28873,10241,0.355,4,17,19705,15,large_excluded_fraction,watch,Abstract; Introduction; Discussion; Discussion,"Methods [methods_heading]; Animal studies [methods_heading]; Study designs [inside_methods_block]; Inclusion criteria for SOLAR-1 and BYLieve based on baseline plasma glucose levels [inside_methods_block]; Propensity score matching [inside_methods_block]; SGLT2i/placebo start dates [inside_methods_block]; Hyperglycemia AEs: incidence rates and risk analysis [inside_methods_block]; BN rats [inside_methods_block]; ZDF rats [inside_methods_block]; Tumor-bearing rats [inside_methods_block]; Demographics and baseline characteristics in the SGLT2i and control cohorts [inside_methods_block]; Patient disposition [inside_methods_block]; Antihyperglycemic medications received during the trial [inside_methods_block]; Duration of exposure to alpelisib and SGLT2i [inside_methods_block]; Grade ≥ 3 hyperglycemia AEs [inside_methods_block]; Hyperglycemia AEs that led to alpelisib adjustment, interruption, or withdrawal [inside_methods_block]; Supplementary Information [end_matter_or_non_narrative_heading]"
pmid-37163178,37163178,PMC10164376,10.2147/BTT.S395817,Treating Alpelisib-Induced Hyperinsulinemia in Patients with Advanced Breast Cancer - A Real-Life Experience.,pmc_xml,15594,9404,0.603,4,5,7547,16,low_narrative_chars,watch,Abstract; Introduction; Discussion; Discussion,Patients and Methods [methods_heading]; Patient 1 [inside_methods_block]; Patient 2 [inside_methods_block]; Patient 3 [inside_methods_block]; Patient 4 [inside_methods_block]
pmid-35311394,35311394,,10.1177/03008916211073621,"BYL719 (alpelisib) for the treatment of PIK3CA-mutated, recurrent/advanced cervical cancer.",pdf,10902,9191,0.843,4,2,2031,14,low_narrative_chars;few_chunks,watch,Abstract; Introduction; Results; Discussion,Methods [methods_heading]; Declaration of Conflicting Interests [after_discussion_end_matter_guard]
pmid-40536266,40536266,PMC12204390,10.1093/oncolo/oyaf126,Prolonged response to PIK3CA inhibition in an advanced hormone-positive breast cancer patient with 3 mutations in the alpha subunit of PI-3 kinase.,pmc_xml,8540,9191,1.076,6,0,0,15,low_narrative_chars,watch,Abstract; Introduction; Genotyping results and interpretation of the molecular results; Functional and clinical significance of the specific mutation in the particular cancer; Potential strategies to target the pathway and implications for clinical practice; Patient update,
