claim_id,subsection_id,chapter_title,subsection_title,claim_text,cited_paper_ids,citation_ids,work_order_path,review_path,verification_status,notes
SUB001-CL001,SUB001,1: Clinical And Biological Rationale,PIK3CA Alteration As A Therapeutic Entry Point,"That result supports PIK3CA mutation as a selection biomarker for approved alpelisib use, but it does not by itself specify why an individual tumor later escapes treatment `pmid-31091374`.",pmid-31091374,SUB001-C001,artifacts/10_claim_verification/02_work_orders/SUB001.md,artifacts/10_claim_verification/03_claim_reviews/SUB001.csv,not_reviewed,Extracted from assembled review citation-bearing prose.
SUB001-CL002,SUB001,1: Clinical And Biological Rationale,PIK3CA Alteration As A Therapeutic Entry Point,"This establishes why a mutant pathway node was attractive for drug development and patient stratification, while leaving open which co-alterations or adaptive states determine incomplete response `pmid-24608574`.",pmid-24608574,SUB001-C002,artifacts/10_claim_verification/02_work_orders/SUB001.md,artifacts/10_claim_verification/03_claim_reviews/SUB001.csv,not_reviewed,Extracted from assembled review citation-bearing prose.
SUB001-CL003,SUB001,1: Clinical And Biological Rationale,PIK3CA Alteration As A Therapeutic Entry Point,"Regulatory evidence then narrows the clinical claim: the FDA approval summary defines the indication as HR-positive, HER2-negative, PIK3CA-mutated advanced or metastatic breast cancer detected by an FDA-approved test after progression on or after endocrine-based therapy `pmid-33168657`.",pmid-33168657,SUB001-C003,artifacts/10_claim_verification/02_work_orders/SUB001.md,artifacts/10_claim_verification/03_claim_reviews/SUB001.csv,not_reviewed,Extracted from assembled review citation-bearing prose.
SUB001-CL004,SUB001,1: Clinical And Biological Rationale,PIK3CA Alteration As A Therapeutic Entry Point,"The same analysis showed heterogeneity among PIK3CA-altered tumors, including differences by tumor mutational burden, PTEN co-mutation, PIK3CA amplification, and multiple PIK3CA mutations, so PIK3CA positivity should not be read as uniform pathway dependence `pmid-41967638`.",pmid-41967638,SUB001-C004,artifacts/10_claim_verification/02_work_orders/SUB001.md,artifacts/10_claim_verification/03_claim_reviews/SUB001.csv,not_reviewed,Extracted from assembled review citation-bearing prose.
SUB001-CL005,SUB001,1: Clinical And Biological Rationale,PIK3CA Alteration As A Therapeutic Entry Point,"In SANDPIPER, ctDNA-based analysis of taselisib plus fulvestrant suggested that multiple PIK3CA mutation clonality further stratified outcomes, with clonal multiple mutations associated with greater PI3K inhibitor sensitivity than subclonal patterns `pmid-37101291`.",pmid-37101291,SUB001-C005,artifacts/10_claim_verification/02_work_orders/SUB001.md,artifacts/10_claim_verification/03_claim_reviews/SUB001.csv,not_reviewed,Extracted from assembled review citation-bearing prose.
SUB001-CL006,SUB001,1: Clinical And Biological Rationale,PIK3CA Alteration As A Therapeutic Entry Point,"Noncanonical PIK3CA alterations add similar nuance: C-terminal frameshift mutations activated AKT and S6 signaling in engineered models and were sensitive to PI3K-alpha inhibition, but such model-system evidence does not automatically define clinical resistance behavior `pmid-32929011`.",pmid-32929011,SUB001-C006,artifacts/10_claim_verification/02_work_orders/SUB001.md,artifacts/10_claim_verification/03_claim_reviews/SUB001.csv,not_reviewed,Extracted from assembled review citation-bearing prose.
SUB001-CL007,SUB001,1: Clinical And Biological Rationale,PIK3CA Alteration As A Therapeutic Entry Point,"In NCI-MATCH subprotocol I, taselisib in PIK3CA-mutated advanced solid tumors outside breast and squamous lung cancer produced limited objective activity despite selecting for activating PIK3CA mutations, suggesting that histology, co-alterations, and treatment context matter `pmid-35138919`.",pmid-35138919,SUB001-C007,artifacts/10_claim_verification/02_work_orders/SUB001.md,artifacts/10_claim_verification/03_claim_reviews/SUB001.csv,not_reviewed,Extracted from assembled review citation-bearing prose.
SUB001-CL008,SUB001,1: Clinical And Biological Rationale,PIK3CA Alteration As A Therapeutic Entry Point,"A six-patient recurrent or advanced cervical cancer alpelisib series suggested possible disease control in PIK3CA-mutated cases, but the uncontrolled size makes it hypothesis-generating rather than definitive `pmid-35311394`.",pmid-35311394,SUB001-C008,artifacts/10_claim_verification/02_work_orders/SUB001.md,artifacts/10_claim_verification/03_claim_reviews/SUB001.csv,not_reviewed,Extracted from assembled review citation-bearing prose.
SUB002-CL001,SUB002,1: Clinical And Biological Rationale,Approved PI3K-alpha Inhibition And Clinical Benefit,"The PIK3CA-mutated cohort had a median progression-free survival of about 11.0 months with alpelisib plus fulvestrant versus 5.7 months with placebo plus fulvestrant, establishing a clinically meaningful biomarker-selected treatment effect rather than a universal PI3K-pathway claim `pmid-31091374`.",pmid-31091374,SUB002-C001,artifacts/10_claim_verification/02_work_orders/SUB002.md,artifacts/10_claim_verification/03_claim_reviews/SUB002.csv,not_reviewed,Extracted from assembled review citation-bearing prose.
SUB002-CL002,SUB002,1: Clinical And Biological Rationale,Approved PI3K-alpha Inhibition And Clinical Benefit,"Thus, PFS benefit is the cleanest efficacy claim from SOLAR-1, whereas OS interpretation is more cautious and shaped by subsequent therapy and trial design `pmid-33246021`.",pmid-33246021,SUB002-C003,artifacts/10_claim_verification/02_work_orders/SUB002.md,artifacts/10_claim_verification/03_claim_reviews/SUB002.csv,not_reviewed,Extracted from assembled review citation-bearing prose.
SUB002-CL003,SUB002,1: Clinical And Biological Rationale,Approved PI3K-alpha Inhibition And Clinical Benefit,"A retrospective SOLAR-1 genomic analysis reinforced PIK3CA alteration as the key predictive biomarker because alpelisib plus fulvestrant did not demonstrate efficacy in the PIK3CA-wild-type cohort, but it also showed that co-alterations and tumor complexity can modify outcomes within PIK3CA-altered disease `pmid-41967638`.",pmid-41967638,SUB002-C004,artifacts/10_claim_verification/02_work_orders/SUB002.md,artifacts/10_claim_verification/03_claim_reviews/SUB002.csv,not_reviewed,Extracted from assembled review citation-bearing prose.
SUB002-CL004,SUB002,1: Clinical And Biological Rationale,Approved PI3K-alpha Inhibition And Clinical Benefit,"Alpelisib toxicities, especially hyperglycemia, rash, diarrhea, and other gastrointestinal effects, required monitoring and dose management in SOLAR-1, so short treatment duration or discontinuation should not be automatically interpreted as genetic resistance `pmid-31091374`.",pmid-31091374,SUB002-C001,artifacts/10_claim_verification/02_work_orders/SUB002.md,artifacts/10_claim_verification/03_claim_reviews/SUB002.csv,not_reviewed,Extracted from assembled review citation-bearing prose.
SUB002-CL005,SUB002,1: Clinical And Biological Rationale,Approved PI3K-alpha Inhibition And Clinical Benefit,The first-in-human alpelisib study similarly identified hyperglycemia as a dose-limiting and frequent adverse event while showing pharmacodynamic pathway inhibition and preliminary activity in PIK3CA-altered tumors `pmid-29401002`.,pmid-29401002,SUB002-C005,artifacts/10_claim_verification/02_work_orders/SUB002.md,artifacts/10_claim_verification/03_claim_reviews/SUB002.csv,not_reviewed,Extracted from assembled review citation-bearing prose.
SUB002-CL006,SUB002,1: Clinical And Biological Rationale,Approved PI3K-alpha Inhibition And Clinical Benefit,"Later combination studies outside the approved fulvestrant setting underline this constraint: alpelisib plus paclitaxel and alpelisib plus cisplatin both encountered clinically important hyperglycemia or dose-limiting toxicity, supporting the draft's point that pharmacologic tolerability can shape apparent benefit `pmid-30167089` `pmid-36923283`.",pmid-30167089; pmid-36923283,SUB002-C006; SUB002-C007,artifacts/10_claim_verification/02_work_orders/SUB002.md,artifacts/10_claim_verification/03_claim_reviews/SUB002.csv,not_reviewed,Extracted from assembled review citation-bearing prose.
SUB002-CL007,SUB002,1: Clinical And Biological Rationale,Approved PI3K-alpha Inhibition And Clinical Benefit,"Work on SGLT2 inhibition further suggests that management of PI3K-alpha inhibitor induced hyperglycemia may affect dose modification and treatment continuity, although this is supportive care evidence rather than tumor-resistance evidence `pmid-39177931`.",pmid-39177931,SUB002-C008,artifacts/10_claim_verification/02_work_orders/SUB002.md,artifacts/10_claim_verification/03_claim_reviews/SUB002.csv,not_reviewed,Extracted from assembled review citation-bearing prose.
SUB002-CL008,SUB002,1: Clinical And Biological Rationale,Approved PI3K-alpha Inhibition And Clinical Benefit,"BYLieve cohort A studied alpelisib plus fulvestrant after progression on a CDK4 and CDK6 inhibitor plus aromatase inhibitor, addressing a population that became common after SOLAR-1 enrollment `pmid-39637900`.",pmid-39637900,SUB002-C009,artifacts/10_claim_verification/02_work_orders/SUB002.md,artifacts/10_claim_verification/03_claim_reviews/SUB002.csv,not_reviewed,Extracted from assembled review citation-bearing prose.
SUB002-CL009,SUB002,1: Clinical And Biological Rationale,Approved PI3K-alpha Inhibition And Clinical Benefit,"A real-world comparative analysis of alpelisib plus fulvestrant in HR-positive, HER2-negative, PIK3CA-mutated advanced breast cancer helps benchmark effectiveness outside the trial environment `pmid-33909934`.",pmid-33909934,SUB002-C010,artifacts/10_claim_verification/02_work_orders/SUB002.md,artifacts/10_claim_verification/03_claim_reviews/SUB002.csv,not_reviewed,Extracted from assembled review citation-bearing prose.
SUB002-CL010,SUB002,1: Clinical And Biological Rationale,Approved PI3K-alpha Inhibition And Clinical Benefit,"Mechanistic resistance evidence comes from different designs: in a phase I and II alpelisib plus aromatase inhibitor study, PTEN loss-of-function mutations were identified in resistant cases and ESR1 activating mutations expanded during treatment, while a separate acquired-resistance cohort found emergent PI3K pathway alterations, including PTEN loss, AKT1 activation, and secondary PIK3CA mutations, after PI3K-alpha inhibitor exposure `pmid-32864625` `pmid-37916958`.",pmid-32864625; pmid-37916958,SUB002-C011; SUB002-C012,artifacts/10_claim_verification/02_work_orders/SUB002.md,artifacts/10_claim_verification/03_claim_reviews/SUB002.csv,not_reviewed,Extracted from assembled review citation-bearing prose.
SUB003-CL001,SUB003,1: Clinical And Biological Rationale,Investigational Agents And Therapeutic-Index Hypothesis,"The older alpelisib and alpelisib rationale was already based on alpha-selective pathway targeting and patient stratification, but alpha selectivity alone still inhibits wild-type PI3K-alpha in metabolic tissues and can be limited by hyperglycemia, rash, gastrointestinal toxicity, and incomplete pathway suppression `pmid-24608574`.",pmid-24608574,SUB003-C001,artifacts/10_claim_verification/02_work_orders/SUB003.md,artifacts/10_claim_verification/03_claim_reviews/SUB003.csv,not_reviewed,Extracted from assembled review citation-bearing prose.
SUB003-CL002,SUB003,1: Clinical And Biological Rationale,Investigational Agents And Therapeutic-Index Hypothesis,"However, these are preclinical data, so they support a rationale for improved tolerability and efficacy rather than established clinical superiority `pmid-37623743`.",pmid-37623743,SUB003-C002,artifacts/10_claim_verification/02_work_orders/SUB003.md,artifacts/10_claim_verification/03_claim_reviews/SUB003.csv,not_reviewed,Extracted from assembled review citation-bearing prose.
SUB003-CL003,SUB003,1: Clinical And Biological Rationale,Investigational Agents And Therapeutic-Index Hypothesis,"This is direct evidence for overcoming some acquired on-target PIK3CA resistance alterations, but it does not show that all PI3K-alpha inhibitor resistance, such as PTEN loss or AKT activation, can be overcome by RLY-2608 alone `pmid-37916958`.",pmid-37916958,SUB003-C003,artifacts/10_claim_verification/02_work_orders/SUB003.md,artifacts/10_claim_verification/03_claim_reviews/SUB003.csv,not_reviewed,Extracted from assembled review citation-bearing prose.
SUB003-CL004,SUB003,1: Clinical And Biological Rationale,Investigational Agents And Therapeutic-Index Hypothesis,"Median PFS was 15.0 months with the inavolisib triplet versus 7.3 months with placebo plus palbociclib and fulvestrant, and ORR was 58 percent versus 25 percent `pmid-40845250`.",pmid-40845250,SUB003-C004,artifacts/10_claim_verification/02_work_orders/SUB003.md,artifacts/10_claim_verification/03_claim_reviews/SUB003.csv,not_reviewed,Extracted from assembled review citation-bearing prose.
SUB003-CL005,SUB003,1: Clinical And Biological Rationale,Investigational Agents And Therapeutic-Index Hypothesis,"Final OS reporting showed median OS of 34.0 versus 27.0 months and ORR of 62.7 percent versus 28.0 percent, but hyperglycemia, stomatitis or mucosal inflammation, gastrointestinal toxicity, and ocular events remained more frequent with inavolisib `pmid-40454641`.",pmid-40454641,SUB003-C005,artifacts/10_claim_verification/02_work_orders/SUB003.md,artifacts/10_claim_verification/03_claim_reviews/SUB003.csv,not_reviewed,Extracted from assembled review citation-bearing prose.
SUB003-CL006,SUB003,1: Clinical And Biological Rationale,Investigational Agents And Therapeutic-Index Hypothesis,"In gastric cancer models, alpelisib could inhibit AKT and S6 in PIK3CA-mutant lines, yet CRISPR screening identified CBFB loss and PIM1 upregulation as resistance biology `pmid-37493631`.",pmid-37493631,SUB003-C006,artifacts/10_claim_verification/02_work_orders/SUB003.md,artifacts/10_claim_verification/03_claim_reviews/SUB003.csv,not_reviewed,Extracted from assembled review citation-bearing prose.
SUB003-CL007,SUB003,1: Clinical And Biological Rationale,Investigational Agents And Therapeutic-Index Hypothesis,"Older HER2-overexpressing breast cancer models showed PI3K inhibition can trigger compensatory HER signaling and ERK dependence `pmid-21278786`, and alpelisib-resistant breast cancer models used IGF1R, p110beta, AKT, and mTOR signaling to maintain growth under alpha-specific inhibition `pmid-27048245`.",pmid-21278786; pmid-27048245,SUB003-C007; SUB003-C008,artifacts/10_claim_verification/02_work_orders/SUB003.md,artifacts/10_claim_verification/03_claim_reviews/SUB003.csv,not_reviewed,Extracted from assembled review citation-bearing prose.
SUB003-CL008,SUB003,1: Clinical And Biological Rationale,Investigational Agents And Therapeutic-Index Hypothesis,"A 2025 breast and endometrial cancer model study further found that single-node inhibitors, including inavolisib, RLY-2608, and STX-478, produced variable S6 and AKT suppression and little 4E-BP1 inhibition at clinically relevant concentrations compared with multi-node mTORC1, mTORC2, and PI3K-alpha inhibition `pmid-40360883`.",pmid-40360883,SUB003-C009,artifacts/10_claim_verification/02_work_orders/SUB003.md,artifacts/10_claim_verification/03_claim_reviews/SUB003.csv,not_reviewed,Extracted from assembled review citation-bearing prose.
SUB004-CL001,SUB004,2: On-Target And Pathway Reactivation Resistance,PTEN Loss As Acquired Resistance,"Resistance was not reproduced against pan-PI3K blockade and could be reversed by combined p110-alpha and p110-beta inhibition in cells and a PTEN-null patient-derived xenograft, supporting a shift toward p110-beta-dependent signaling after PTEN loss `pmid-25409150`.",pmid-25409150,SUB004-C001,artifacts/10_claim_verification/02_work_orders/SUB004.md,artifacts/10_claim_verification/03_claim_reviews/SUB004.csv,not_reviewed,Extracted from assembled review citation-bearing prose.
SUB004-CL002,SUB004,2: On-Target And Pathway Reactivation Resistance,PTEN Loss As Acquired Resistance,This places PTEN loss beside secondary PIK3CA and activating AKT1 mutations rather than above them as the dominant universal mechanism `pmid-37916958`.,pmid-37916958,SUB004-C002,artifacts/10_claim_verification/02_work_orders/SUB004.md,artifacts/10_claim_verification/03_claim_reviews/SUB004.csv,not_reviewed,Extracted from assembled review citation-bearing prose.
SUB004-CL003,SUB004,2: On-Target And Pathway Reactivation Resistance,PTEN Loss As Acquired Resistance,"In a separate alpelisib plus aromatase-inhibitor trial, PTEN alterations were detected in 8 of 32 evaluable ctDNA cases, including three pretreatment loss-of-function alterations associated with rapid progression and five post-treatment PTEN alterations absent from baseline tissue or ctDNA, emphasizing the need to separate intrinsic PTEN-deficient disease from acquired selection during therapy `pmid-32864625`.",pmid-32864625,SUB004-C003,artifacts/10_claim_verification/02_work_orders/SUB004.md,artifacts/10_claim_verification/03_claim_reviews/SUB004.csv,not_reviewed,Extracted from assembled review citation-bearing prose.
SUB004-CL004,SUB004,2: On-Target And Pathway Reactivation Resistance,PTEN Loss As Acquired Resistance,"Resistant cells had increased AKT and PRAS40 phosphorylation and were partly vulnerable to pan-PI3K or AKT-directed strategies, although this remains cell-line evidence without in vivo validation `pmid-40295072`.",pmid-40295072,SUB004-C004,artifacts/10_claim_verification/02_work_orders/SUB004.md,artifacts/10_claim_verification/03_claim_reviews/SUB004.csv,not_reviewed,Extracted from assembled review citation-bearing prose.
SUB004-CL005,SUB004,2: On-Target And Pathway Reactivation Resistance,PTEN Loss As Acquired Resistance,"In HNSCC models, acquired alpelisib resistance involved miR-17-92 family upregulation, reduced PTEN protein and activity, higher phospho-AKT, and resensitization after pooled microRNA inhibition, suggesting a non-genetic PTEN-suppression route `pmid-40382983`.",pmid-40382983,SUB004-C005,artifacts/10_claim_verification/02_work_orders/SUB004.md,artifacts/10_claim_verification/03_claim_reviews/SUB004.csv,not_reviewed,Extracted from assembled review citation-bearing prose.
SUB004-CL006,SUB004,2: On-Target And Pathway Reactivation Resistance,PTEN Loss As Acquired Resistance,"Conversely, PTEN biology should not be reduced to a simple absence-presence biomarker: PI3K inhibitor treatment can also induce post-translational PTEN inactivation through a USP10-GSK3-beta axis, preserving PIP3 and AKT/S6 signaling despite high PTEN abundance `pmid-40991650`.",pmid-40991650,SUB004-C006,artifacts/10_claim_verification/02_work_orders/SUB004.md,artifacts/10_claim_verification/03_claim_reviews/SUB004.csv,not_reviewed,Extracted from assembled review citation-bearing prose.
SUB004-CL007,SUB004,2: On-Target And Pathway Reactivation Resistance,PTEN Loss As Acquired Resistance,"A colorectal pictilisib resistance model further warns that PTEN loss may require cooperating programs, because PTEN loss alone was not sufficient without amphiregulin-driven EGFR-MAPK signaling `pmid-25053989`.",pmid-25053989,SUB004-C007,artifacts/10_claim_verification/02_work_orders/SUB004.md,artifacts/10_claim_verification/03_claim_reviews/SUB004.csv,not_reviewed,Extracted from assembled review citation-bearing prose.
SUB005-CL001,SUB005,2: On-Target And Pathway Reactivation Resistance,Secondary PIK3CA Mutations,"Serial ddPCR in two patients showed Q859K, and in one case W780R, emerging with rebound of the founder H1047R mutation and preceding or accompanying radiographic progression `pmid-37916958`.",pmid-37916958,SUB005-C001,artifacts/10_claim_verification/02_work_orders/SUB005.md,artifacts/10_claim_verification/03_claim_reviews/SUB005.csv,not_reviewed,Extracted from assembled review citation-bearing prose.
SUB005-CL002,SUB005,2: On-Target And Pathway Reactivation Resistance,Secondary PIK3CA Mutations,Downstream signaling assays similarly showed reduced potency of alpelisib and inavolisib against the double mutants `pmid-37916958`.,pmid-37916958,SUB005-C001,artifacts/10_claim_verification/02_work_orders/SUB005.md,artifacts/10_claim_verification/03_claim_reviews/SUB005.csv,not_reviewed,Extracted from assembled review citation-bearing prose.
SUB005-CL003,SUB005,2: On-Target And Pathway Reactivation Resistance,Secondary PIK3CA Mutations,"However, the same paper found co-emergent AKT1 mutations in some resistant patients and showed that engineered AKT1 E17K or Q79K increased resistance to alpelisib and inavolisib while retaining sensitivity to ipatasertib, so allosteric PI3K-alpha inhibition should not be framed as a universal solution for every convergent PI3K-pathway resistance state `pmid-37916958`.",pmid-37916958,SUB005-C001,artifacts/10_claim_verification/02_work_orders/SUB005.md,artifacts/10_claim_verification/03_claim_reviews/SUB005.csv,not_reviewed,Extracted from assembled review citation-bearing prose.
SUB005-CL004,SUB005,2: On-Target And Pathway Reactivation Resistance,Secondary PIK3CA Mutations,C-terminal PIK3CA frameshift mutations increased PI3K effector signaling and transformation but remained sensitive to p110-alpha inhibition by alpelisib in cells and xenografts `pmid-32929011`.,pmid-32929011,SUB005-C002,artifacts/10_claim_verification/02_work_orders/SUB005.md,artifacts/10_claim_verification/03_claim_reviews/SUB005.csv,not_reviewed,Extracted from assembled review citation-bearing prose.
SUB005-CL005,SUB005,2: On-Target And Pathway Reactivation Resistance,Secondary PIK3CA Mutations,"Second, baseline multiple PIK3CA mutations may mark deeper PI3K dependence rather than acquired resistance: in SANDPIPER ctDNA, clonal multiple PIK3CA mutations correlated with higher response and longer progression-free survival on taselisib plus fulvestrant than subclonal multiple PIK3CA mutations, consistent with prior in-cis double-mutant sensitivity models `pmid-37101291`.",pmid-37101291,SUB005-C003,artifacts/10_claim_verification/02_work_orders/SUB005.md,artifacts/10_claim_verification/03_claim_reviews/SUB005.csv,not_reviewed,Extracted from assembled review citation-bearing prose.
SUB006-CL001,SUB006,2: On-Target And Pathway Reactivation Resistance,AKT/mTOR Axis Compensation,"This does not prove that AKT inhibition is clinically sufficient after progression, but it directly supports downstream AKT activation as one route by which tumors can evade upstream PI3K-alpha inhibition `pmid-37916958`.",pmid-37916958,SUB006-C001,artifacts/10_claim_verification/02_work_orders/SUB006.md,artifacts/10_claim_verification/03_claim_reviews/SUB006.csv,not_reviewed,Extracted from assembled review citation-bearing prose.
SUB006-CL002,SUB006,2: On-Target And Pathway Reactivation Resistance,AKT/mTOR Axis Compensation,This is a strong model-system example of an upstream receptor and alternate PI3K isoform feeding the same AKT/mTOR axis under alpha-selective pressure `pmid-27048245`.,pmid-27048245,SUB006-C002,artifacts/10_claim_verification/02_work_orders/SUB006.md,artifacts/10_claim_verification/03_claim_reviews/SUB006.csv,not_reviewed,Extracted from assembled review citation-bearing prose.
SUB006-CL003,SUB006,2: On-Target And Pathway Reactivation Resistance,AKT/mTOR Axis Compensation,"Everolimus blocked mTORC1 signaling and resensitized knockout cells to PI3K-alpha inhibition, and candidate alterations appeared cumulatively in about 15% of PIK3CA-mutant breast tumors in one metastatic dataset, supporting clinical plausibility while not proving acquired selection in those patients `pmid-33685991`.",pmid-33685991,SUB006-C003,artifacts/10_claim_verification/02_work_orders/SUB006.md,artifacts/10_claim_verification/03_claim_reviews/SUB006.csv,not_reviewed,Extracted from assembled review citation-bearing prose.
SUB006-CL004,SUB006,2: On-Target And Pathway Reactivation Resistance,AKT/mTOR Axis Compensation,"PI3K-pathway inhibition can initially reduce pAKT, S6K, S6, and 4E-BP1 phosphorylation, then rebound with HER3 and other receptor-tyrosine-kinase induction; PTEN translational control contributes another feedback layer that can blunt inhibitor efficacy `pmid-33606974`.",pmid-33606974,SUB006-C004,artifacts/10_claim_verification/02_work_orders/SUB006.md,artifacts/10_claim_verification/03_claim_reviews/SUB006.csv,not_reviewed,Extracted from assembled review citation-bearing prose.
SUB006-CL005,SUB006,2: On-Target And Pathway Reactivation Resistance,AKT/mTOR Axis Compensation,"In alpelisib-resistant luminal breast cancer cells, a CD44-high state with HA-CD44 interaction activated Src-ERK signaling and maintained AKT and mTOR activity; disrupting the CD44-HA axis restored sensitivity in models `pmid-33024087`.",pmid-33024087,SUB006-C005,artifacts/10_claim_verification/02_work_orders/SUB006.md,artifacts/10_claim_verification/03_claim_reviews/SUB006.csv,not_reviewed,Extracted from assembled review citation-bearing prose.
SUB006-CL006,SUB006,2: On-Target And Pathway Reactivation Resistance,AKT/mTOR Axis Compensation,"NF1-loss breast cancer models add a metabolically flavored branch: NF1 knockout reduced alpelisib sensitivity, and NAC plus alpelisib reduced mTOR-associated phosphorylation, including RPS6 and MTOR sites, and sensitized NF1-loss cells and organoids, although the authors note that the causal link between mTOR suppression, glycolysis, and drug synergy remains unresolved `pmid-37044095`.",pmid-37044095,SUB006-C006,artifacts/10_claim_verification/02_work_orders/SUB006.md,artifacts/10_claim_verification/03_claim_reviews/SUB006.csv,not_reviewed,Extracted from assembled review citation-bearing prose.
SUB007-CL001,SUB007,3: Bypass Signaling And Crosstalk,MAPK/ERK Bypass,"In the same study, lapatinib, trastuzumab, or MEK inhibition prevented ERK activation, while adding HER2 or MEK blockade increased growth inhibition and apoptosis; in BT474-Tr xenografts, trastuzumab plus BEZ235 and AZD6244 plus BEZ235 improved tumor control compared with PI3K-pathway inhibition alone, although BEZ235 plus lapatinib caused unacceptable toxicity in the mouse schedule tested `pmid-21278786`.",pmid-21278786,S07-R001,artifacts/10_claim_verification/02_work_orders/SUB007.md,artifacts/10_claim_verification/03_claim_reviews/SUB007.csv,not_reviewed,Extracted from assembled review citation-bearing prose.
SUB007-CL002,SUB007,3: Bypass Signaling And Crosstalk,MAPK/ERK Bypass,"Recurrent tumor transplants with Her2/Her3 and MAPK activation were not controlled by pictilisib alone, whereas combined lapatinib plus MEK162 nearly abolished phospho-ERK and produced sustained regression with increased antiproliferative and proapoptotic markers `pmid-26640141`.",pmid-26640141,S07-R002,artifacts/10_claim_verification/02_work_orders/SUB007.md,artifacts/10_claim_verification/03_claim_reviews/SUB007.csv,not_reviewed,Extracted from assembled review citation-bearing prose.
SUB007-CL003,SUB007,3: Bypass Signaling And Crosstalk,MAPK/ERK Bypass,"PTEN loss alone did not induce resistance, but it enhanced EGFR-ligand-mediated resistance; PI3K plus MEK, ERK, or EGFR inhibition improved control in resistant cells and xenografts `pmid-25053989`.",pmid-25053989,S07-R003,artifacts/10_claim_verification/02_work_orders/SUB007.md,artifacts/10_claim_verification/03_claim_reviews/SUB007.csv,not_reviewed,Extracted from assembled review citation-bearing prose.
SUB007-CL004,SUB007,3: Bypass Signaling And Crosstalk,MAPK/ERK Bypass,"In KRAS-active NSCLC and HNSCC models, PI-103 produced short-term Akt suppression but 24-hour exposure allowed ERK2-dependent Akt reactivation, and MEK inhibition or ERK2 knockdown restored deeper pathway suppression and improved clonogenic inhibition `pmid-24351425`.",pmid-24351425,S07-R004,artifacts/10_claim_verification/02_work_orders/SUB007.md,artifacts/10_claim_verification/03_claim_reviews/SUB007.csv,not_reviewed,Extracted from assembled review citation-bearing prose.
SUB007-CL005,SUB007,3: Bypass Signaling And Crosstalk,MAPK/ERK Bypass,"Breast cancer RTK-profiling work adds a cautionary pharmacodynamic layer: alpelisib inhibited both AKT and ERK in some PIK3CA-mutant breast cancer cells, but EGFR, HER3, c-MET, FGFR, or RAS activation could uncouple ERK from PI3K-alpha inhibition and reduce drug sensitivity `pmid-28382169`.",pmid-28382169,S07-R005,artifacts/10_claim_verification/02_work_orders/SUB007.md,artifacts/10_claim_verification/03_claim_reviews/SUB007.csv,not_reviewed,Extracted from assembled review citation-bearing prose.
SUB007-CL006,SUB007,3: Bypass Signaling And Crosstalk,MAPK/ERK Bypass,"RTK-dependent SHP2 signaling similarly reactivated ERK and PI3K outputs after alpelisib in luminal and triple-negative breast cancer models, with SHP2 blockade restoring growth control in cells, organoids, and xenografts `pmid-35365185`.",pmid-35365185,S07-R006,artifacts/10_claim_verification/02_work_orders/SUB007.md,artifacts/10_claim_verification/03_claim_reviews/SUB007.csv,not_reviewed,Extracted from assembled review citation-bearing prose.
SUB007-CL007,SUB007,3: Bypass Signaling And Crosstalk,MAPK/ERK Bypass,"Finally, CD44-HA signaling provides a noncanonical breast cancer example in which acquired alpelisib resistance used Src-ERK-Ezrin signaling to maintain AKT-mTOR activity `pmid-33024087`.",pmid-33024087,S07-R007,artifacts/10_claim_verification/02_work_orders/SUB007.md,artifacts/10_claim_verification/03_claim_reviews/SUB007.csv,not_reviewed,Extracted from assembled review citation-bearing prose.
SUB008-CL001,SUB008,3: Bypass Signaling And Crosstalk,HER2/ERBB And Receptor Tyrosine Kinase Crosstalk,"The same perturbation produced ERK activation; lapatinib, trastuzumab, or MEK inhibitors suppressed this ERK rebound and improved proliferation, apoptosis, and xenograft growth endpoints compared with PI3K-pathway inhibition alone `pmid-21278786`.",pmid-21278786,S08-R001,artifacts/10_claim_verification/02_work_orders/SUB008.md,artifacts/10_claim_verification/03_claim_reviews/SUB008.csv,not_reviewed,Extracted from assembled review citation-bearing prose.
SUB008-CL002,SUB008,3: Bypass Signaling And Crosstalk,HER2/ERBB And Receptor Tyrosine Kinase Crosstalk,"A genetic in vivo model reinforced that this feedback can matter after an initial response: Her2 plus PIK3CA H1047R mammary tumors regressed after mutant PIK3CA deinduction, but recurrent tumors restored Her2/Her3 and MAPK signaling, and lapatinib plus MEK162 produced sustained regression in recurrent transplants `pmid-26640141`.",pmid-26640141,S08-R002,artifacts/10_claim_verification/02_work_orders/SUB008.md,artifacts/10_claim_verification/03_claim_reviews/SUB008.csv,not_reviewed,Extracted from assembled review citation-bearing prose.
SUB008-CL003,SUB008,3: Bypass Signaling And Crosstalk,HER2/ERBB And Receptor Tyrosine Kinase Crosstalk,"In HER2-positive PTEN-deficient breast tumor models, p110-alpha was described as a major effector downstream of RTKs, and combined Her2, p110-alpha, and p110-beta inhibition most strongly reduced AKT activation and minimized tumor growth `pmid-26500061`.",pmid-26500061,S08-R003,artifacts/10_claim_verification/02_work_orders/SUB008.md,artifacts/10_claim_verification/03_claim_reviews/SUB008.csv,not_reviewed,Extracted from assembled review citation-bearing prose.
SUB008-CL004,SUB008,3: Bypass Signaling And Crosstalk,HER2/ERBB And Receptor Tyrosine Kinase Crosstalk,"Other HER2-positive preclinical studies found that adding PI3K inhibitors, including alpelisib or inavolisib, could circumvent trastuzumab resistance in PIK3CA-mutant or PTEN-deficient cell models, with increased apoptosis and in vivo synergy reported, although the clinical translatability and toxicity of such combinations remain unsettled `pmid-35968355`.",pmid-35968355,S08-R004,artifacts/10_claim_verification/02_work_orders/SUB008.md,artifacts/10_claim_verification/03_claim_reviews/SUB008.csv,not_reviewed,Extracted from assembled review citation-bearing prose.
SUB008-CL005,SUB008,3: Bypass Signaling And Crosstalk,HER2/ERBB And Receptor Tyrosine Kinase Crosstalk,"This trial supports feasibility of HER2-HER3-PI3K cotargeting, but it was primarily a safety and dose-finding study and emphasizes overlapping toxicity rather than definitive resistance reversal `pmid-33947692`.",pmid-33947692,S08-R005,artifacts/10_claim_verification/02_work_orders/SUB008.md,artifacts/10_claim_verification/03_claim_reviews/SUB008.csv,not_reviewed,Extracted from assembled review citation-bearing prose.
SUB008-CL006,SUB008,3: Bypass Signaling And Crosstalk,HER2/ERBB And Receptor Tyrosine Kinase Crosstalk,"In luminal and triple-negative breast cancer models, NRG1, EGF, and FGF10 protected cells from alpelisib and reactivated AKT, S6, 4E-BP1, and ERK; SHP2 overexpression conferred resistance, while SHP2 inhibition, knockout, or phosphatase-dead reconstitution experiments showed that SHP2 was needed for RTK-mediated resistance and that PI3K plus SHP2 inhibition suppressed organoid and xenograft growth `pmid-35365185`.",pmid-35365185,S08-R006,artifacts/10_claim_verification/02_work_orders/SUB008.md,artifacts/10_claim_verification/03_claim_reviews/SUB008.csv,not_reviewed,Extracted from assembled review citation-bearing prose.
SUB008-CL007,SUB008,3: Bypass Signaling And Crosstalk,HER2/ERBB And Receptor Tyrosine Kinase Crosstalk,"In squamous carcinoma models, acquired alpelisib resistance involved AXL overexpression, AXL-EGFR interaction, and downstream PLC-gamma-PKC signaling that maintained mTOR despite PI3K-AKT inhibition; resistance was reversed by combining PI3K-alpha inhibition with EGFR, AXL, or PKC blockade `pmid-25873175`.",pmid-25873175,S08-R007,artifacts/10_claim_verification/02_work_orders/SUB008.md,artifacts/10_claim_verification/03_claim_reviews/SUB008.csv,not_reviewed,Extracted from assembled review citation-bearing prose.
SUB008-CL008,SUB008,3: Bypass Signaling And Crosstalk,HER2/ERBB And Receptor Tyrosine Kinase Crosstalk,"EGFR ligand signaling can also drive acquired PI3K inhibitor resistance outside breast cancer, as SW48 colorectal models selected in pictilisib secreted amphiregulin, maintained EGFR-MAPK signaling, and gained sensitivity to EGFR or MAPK cotargeting `pmid-25053989`.",pmid-25053989,S08-R008,artifacts/10_claim_verification/02_work_orders/SUB008.md,artifacts/10_claim_verification/03_claim_reviews/SUB008.csv,not_reviewed,Extracted from assembled review citation-bearing prose.
SUB008-CL009,SUB008,3: Bypass Signaling And Crosstalk,HER2/ERBB And Receptor Tyrosine Kinase Crosstalk,"Likewise, IGF1R upregulation maintained AKT-mTOR signaling and conferred acquired resistance to GDC0032 or alpelisib in PIK3CA-driven ovarian cancer, with IGF1R inhibition restoring sensitivity `pmid-30237504`.",pmid-30237504,S08-R009,artifacts/10_claim_verification/02_work_orders/SUB008.md,artifacts/10_claim_verification/03_claim_reviews/SUB008.csv,not_reviewed,Extracted from assembled review citation-bearing prose.
SUB009-CL001,SUB009,3: Bypass Signaling And Crosstalk,Endocrine Therapy Crosstalk,"Among 341 patients with PIK3CA-mutated tumors, median progression-free survival was 11.0 months versus 5.7 months, with a hazard ratio of 0.65 and higher overall response in the alpelisib arm; most patients in the PIK3CA-mutated cohort were classified as endocrine resistant under protocol definitions `pmid-31091374`.",pmid-31091374,S09-R001,artifacts/10_claim_verification/02_work_orders/SUB009.md,artifacts/10_claim_verification/03_claim_reviews/SUB009.csv,not_reviewed,Extracted from assembled review citation-bearing prose.
SUB009-CL002,SUB009,3: Bypass Signaling And Crosstalk,Endocrine Therapy Crosstalk,"Because BYLieve was open-label and noncomparative, it supports activity in a difficult endocrine-resistant setting rather than a definitive comparison against all post-CDK4/6 standards `pmid-39637900`.",pmid-39637900,S09-R002,artifacts/10_claim_verification/02_work_orders/SUB009.md,artifacts/10_claim_verification/03_claim_reviews/SUB009.csv,not_reviewed,Extracted from assembled review citation-bearing prose.
SUB009-CL003,SUB009,3: Bypass Signaling And Crosstalk,Endocrine Therapy Crosstalk,"Median investigator-assessed PFS was 15.0 versus 7.3 months, with higher response rate, but the review also notes increased PI3K-class toxicities, few patients with prior adjuvant CDK4/6 inhibitor exposure, and unresolved questions about sequencing and dose optimization `pmid-40845250`.",pmid-40845250,S09-R003,artifacts/10_claim_verification/02_work_orders/SUB009.md,artifacts/10_claim_verification/03_claim_reviews/SUB009.csv,not_reviewed,Extracted from assembled review citation-bearing prose.
SUB009-CL004,SUB009,3: Bypass Signaling And Crosstalk,Endocrine Therapy Crosstalk,"Adding tamoxifen or fulvestrant to PI3K-alpha inhibition reduced viability in resistant cells, inhibited growth of PTEN-null T47D xenografts, and lowered FOXM1, LDHA, and hyperpolarized pyruvate-to-lactate exchange; the authors connect this to convergence of ER and PI3K signaling on FOXM1 `pmid-32976773`.",pmid-32976773,S09-R004,artifacts/10_claim_verification/02_work_orders/SUB009.md,artifacts/10_claim_verification/03_claim_reviews/SUB009.csv,not_reviewed,Extracted from assembled review citation-bearing prose.
SUB009-CL005,SUB009,3: Bypass Signaling And Crosstalk,Endocrine Therapy Crosstalk,"In a phase I/II alpelisib plus aromatase inhibitor study, longitudinal tumor and ctDNA analysis found PTEN loss-of-function mutations in 25 percent of resistant patients and expansion of ESR1 activating mutations associated with resistance `pmid-32864625`.",pmid-32864625,S09-R005,artifacts/10_claim_verification/02_work_orders/SUB009.md,artifacts/10_claim_verification/03_claim_reviews/SUB009.csv,not_reviewed,Extracted from assembled review citation-bearing prose.
SUB009-CL006,SUB009,3: Bypass Signaling And Crosstalk,Endocrine Therapy Crosstalk,"By contrast, a retrospective SOLAR-1 genomic analysis found that alpelisib plus fulvestrant benefit persisted across several co-alterations previously implicated in endocrine or CDK4/6 inhibitor resistance, including ESR1 and FGFR1 or FGFR2 alterations, while MYC or RAD21 alterations and PTEN alterations were associated with less favorable outcomes or limited benefit signals; the authors caution that subgroup sizes and multiple-testing limits make these hypothesis-generating `pmid-41967638`.",pmid-41967638,S09-R006,artifacts/10_claim_verification/02_work_orders/SUB009.md,artifacts/10_claim_verification/03_claim_reviews/SUB009.csv,not_reviewed,Extracted from assembled review citation-bearing prose.
SUB010-CL001,SUB010,4: Cellular State And Microenvironmental Resistance,Tumor Heterogeneity And Clonal Selection,"That pattern supports clonal outgrowth under treatment pressure, but it also shows why a single progression biopsy or ctDNA timepoint cannot by itself prove causality `pmid-37916958`.",pmid-37916958,SUB010-C001,artifacts/10_claim_verification/02_work_orders/SUB010.md,artifacts/10_claim_verification/03_claim_reviews/SUB010.csv,not_reviewed,Extracted from assembled review citation-bearing prose.
SUB010-CL002,SUB010,4: Cellular State And Microenvironmental Resistance,Tumor Heterogeneity And Clonal Selection,"Functional PTEN knockdown caused alpelisib resistance and combined p110beta blockade reversed the phenotype, strengthening the link between the selected PTEN-null state and resistance while preserving the important point that different lesions reached that state through different genomic routes `pmid-25409150`.",pmid-25409150,SUB010-C002,artifacts/10_claim_verification/02_work_orders/SUB010.md,artifacts/10_claim_verification/03_claim_reviews/SUB010.csv,not_reviewed,Extracted from assembled review citation-bearing prose.
SUB010-CL003,SUB010,4: Cellular State And Microenvironmental Resistance,Tumor Heterogeneity And Clonal Selection,"The authors explicitly emphasized that drivers could arise subclonally, from different locations, and rapidly during early months of therapy `pmid-32864625`.",pmid-32864625,SUB010-C003,artifacts/10_claim_verification/02_work_orders/SUB010.md,artifacts/10_claim_verification/03_claim_reviews/SUB010.csv,not_reviewed,Extracted from assembled review citation-bearing prose.
SUB010-CL004,SUB010,4: Cellular State And Microenvironmental Resistance,Tumor Heterogeneity And Clonal Selection,"Baseline ctDNA studies of taselisib plus fulvestrant similarly indicate that clonal versus subclonal PIK3CA architecture can correlate with co-alteration burden and outcome, but those data mainly describe pre-treatment dependence and mixed pathway inputs rather than acquired selection `pmid-37101291`.",pmid-37101291,SUB010-C004,artifacts/10_claim_verification/02_work_orders/SUB010.md,artifacts/10_claim_verification/03_claim_reviews/SUB010.csv,not_reviewed,Extracted from assembled review citation-bearing prose.
SUB010-CL005,SUB010,4: Cellular State And Microenvironmental Resistance,Tumor Heterogeneity And Clonal Selection,"SANDPIPER genomic analyses also show why ctDNA is valuable yet imperfect: co-occurring PIK3CA and PTEN mutations in baseline plasma may represent different cells or different lesions, not necessarily one resistant clone `pmid-36892268`.",pmid-36892268,SUB010-C005,artifacts/10_claim_verification/02_work_orders/SUB010.md,artifacts/10_claim_verification/03_claim_reviews/SUB010.csv,not_reviewed,Extracted from assembled review citation-bearing prose.
SUB011-CL001,SUB011,4: Cellular State And Microenvironmental Resistance,Phenotypic Plasticity And Lineage Adaptation,"This supports a stress-response and cell-cycle state model of resistance, but because it is centered on T47D-derived resistant cells, it should not be generalized as a universal lineage-adaptation program `pmid-38273040`.",pmid-38273040,SUB011-C001,artifacts/10_claim_verification/02_work_orders/SUB011.md,artifacts/10_claim_verification/03_claim_reviews/SUB011.csv,not_reviewed,Extracted from assembled review citation-bearing prose.
SUB011-CL002,SUB011,4: Cellular State And Microenvironmental Resistance,Phenotypic Plasticity And Lineage Adaptation,This is stronger than generic plasticity language because it links a reversible cell-surface and ligand-interaction state to a drug-response phenotype `pmid-33024087`.,pmid-33024087,SUB011-C002,artifacts/10_claim_verification/02_work_orders/SUB011.md,artifacts/10_claim_verification/03_claim_reviews/SUB011.csv,not_reviewed,Extracted from assembled review citation-bearing prose.
SUB011-CL003,SUB011,4: Cellular State And Microenvironmental Resistance,Phenotypic Plasticity And Lineage Adaptation,"HER2-overexpressing breast cancer models treated with PI3K-pathway inhibitors showed loss of AKT signaling but compensatory HER-family activation, HER3 induction, and ERK dependency; MEK inhibition or anti-HER2 therapy blocked ERK activation and improved anti-proliferative, pro-apoptotic, and in vivo effects `pmid-21278786`.",pmid-21278786,SUB011-C003,artifacts/10_claim_verification/02_work_orders/SUB011.md,artifacts/10_claim_verification/03_claim_reviews/SUB011.csv,not_reviewed,Extracted from assembled review citation-bearing prose.
SUB011-CL004,SUB011,4: Cellular State And Microenvironmental Resistance,Phenotypic Plasticity And Lineage Adaptation,"A systematic alpelisib resistance screen found many validated resistance genes and, in a small paired biopsy set, measurable post-treatment upregulation of multiple resistance genes, implying heterogeneous transcriptional programs after therapy but requiring larger clinical cohorts for validation `pmid-27604488`.",pmid-27604488,SUB011-C004,artifacts/10_claim_verification/02_work_orders/SUB011.md,artifacts/10_claim_verification/03_claim_reviews/SUB011.csv,not_reviewed,Extracted from assembled review citation-bearing prose.
SUB011-CL005,SUB011,4: Cellular State And Microenvironmental Resistance,Phenotypic Plasticity And Lineage Adaptation,"Rapid feedback changes in PTEN regulation also fit the adaptive-state theme: PI3K inhibition can inactivate PTEN through a USP10-GSK3beta mechanism `pmid-40991650`, and pharmacologic PI3K inhibition can reduce PTEN translation and permit AKT rebound in model systems `pmid-33606974`.",pmid-33606974; pmid-40991650,SUB011-C006; SUB011-C005,artifacts/10_claim_verification/02_work_orders/SUB011.md,artifacts/10_claim_verification/03_claim_reviews/SUB011.csv,not_reviewed,Extracted from assembled review citation-bearing prose.
SUB012-CL001,SUB012,4: Cellular State And Microenvironmental Resistance,Metabolic And Microenvironmental Escape,"The authors connect this to an adipocyte-enriched tumor microenvironment as a plausible source of free fatty acids, but the direct experiments are in cell lines and combination assays rather than patient samples under PI3K-alpha inhibitor selection `pmid-39920872`.",pmid-39920872,SUB012-C001,artifacts/10_claim_verification/02_work_orders/SUB012.md,artifacts/10_claim_verification/03_claim_reviews/SUB012.csv,not_reviewed,Extracted from assembled review citation-bearing prose.
SUB012-CL002,SUB012,4: Cellular State And Microenvironmental Resistance,Metabolic And Microenvironmental Escape,"This supports redox and glycolytic state as a resistance-associated vulnerability, while the exact NAC mechanism remains unresolved `pmid-37044095`.",pmid-37044095,SUB012-C002,artifacts/10_claim_verification/02_work_orders/SUB012.md,artifacts/10_claim_verification/03_claim_reviews/SUB012.csv,not_reviewed,Extracted from assembled review citation-bearing prose.
SUB012-CL003,SUB012,4: Cellular State And Microenvironmental Resistance,Metabolic And Microenvironmental Escape,"Metabolic imaging work adds a biomarker angle: persistent FOXM1 after PI3K-alpha inhibition was associated with resistance in ER-positive breast cancer models, drove LDHA rather than HK-II, and enabled detection of resistant metabolism by hyperpolarized pyruvate-to-lactate exchange rather than FDG trapping `pmid-32976773`.",pmid-32976773,SUB012-C003,artifacts/10_claim_verification/02_work_orders/SUB012.md,artifacts/10_claim_verification/03_claim_reviews/SUB012.csv,not_reviewed,Extracted from assembled review citation-bearing prose.
SUB012-CL004,SUB012,4: Cellular State And Microenvironmental Resistance,Metabolic And Microenvironmental Escape,"Insulin withdrawal was sufficient to abrogate resistance, and IGF1R or p110beta inhibition circumvented resistance, tying extracellular insulin or IGF input to PI3K-alpha escape but also raising tolerability concerns for dual metabolic-pathway inhibition `pmid-27048245`.",pmid-27048245,SUB012-C004,artifacts/10_claim_verification/02_work_orders/SUB012.md,artifacts/10_claim_verification/03_claim_reviews/SUB012.csv,not_reviewed,Extracted from assembled review citation-bearing prose.
SUB012-CL005,SUB012,4: Cellular State And Microenvironmental Resistance,Metabolic And Microenvironmental Escape,"In patients, the clinical evidence is thinner: a four-patient real-life alpelisib report monitored hyperinsulinemia and used pioglitazone in selected patients, arguing from preclinical evidence that insulin control could preserve efficacy, but without randomized causal testing `pmid-37163178`.",pmid-37163178,SUB012-C005,artifacts/10_claim_verification/02_work_orders/SUB012.md,artifacts/10_claim_verification/03_claim_reviews/SUB012.csv,not_reviewed,Extracted from assembled review citation-bearing prose.
SUB012-CL006,SUB012,4: Cellular State And Microenvironmental Resistance,Metabolic And Microenvironmental Escape,"CD44-HA interaction in luminal breast cancer models activated Src-ERK and maintained AKT and mTOR activity during alpelisib treatment; hyaluronidase or HAS inhibition partially restored sensitivity, directly linking an extracellular-matrix ligand interaction to reduced PI3K-alpha inhibitor response `pmid-33024087`.",pmid-33024087,SUB012-C006,artifacts/10_claim_verification/02_work_orders/SUB012.md,artifacts/10_claim_verification/03_claim_reviews/SUB012.csv,not_reviewed,Extracted from assembled review citation-bearing prose.
SUB012-CL007,SUB012,4: Cellular State And Microenvironmental Resistance,Metabolic And Microenvironmental Escape,"Outside breast cancer, PI3K-pathway inhibitor-resistant lymphoma models upregulated IL-6 and STAT signaling `pmid-31601188`, 3D HNSCC models implicated ECM alterations and beta1 integrin in alpelisib unresponsiveness during radiochemosensitization `pmid-38286037`, and multiple myeloma models showed alpelisib could overcome bone marrow stroma-induced resistance to proteasome-inhibitor contexts `pmid-24405121`.",pmid-24405121; pmid-31601188; pmid-38286037,SUB012-C009; SUB012-C007; SUB012-C008,artifacts/10_claim_verification/02_work_orders/SUB012.md,artifacts/10_claim_verification/03_claim_reviews/SUB012.csv,not_reviewed,Extracted from assembled review citation-bearing prose.
SUB013-CL001,SUB013,5: Clinical Trials As Resistance Evidence,Positive Trials And Durable-Benefit Limits,"That result supports clinical activity in a genomically selected endocrine-therapy context, not a claim that resistance is solved: progressive disease remained the major reason for stopping treatment, and on-target or class-consistent toxicities such as hyperglycemia, rash, gastrointestinal toxicity, dose modification, and permanent discontinuation shaped real treatment exposure `pmid-31091374`.",pmid-31091374,SUB013-C001,artifacts/10_claim_verification/02_work_orders/SUB013.md,artifacts/10_claim_verification/03_claim_reviews/SUB013.csv,not_reviewed,Extracted from assembled review citation-bearing prose.
SUB013-CL002,SUB013,5: Clinical Trials As Resistance Evidence,Positive Trials And Durable-Benefit Limits,"SOLAR-1 therefore remains a strong positive PFS trial and a weaker source for contemporary sequencing, post-CDK4/6 durability, or mechanism-of-resistance claims `pmid-33246021`.",pmid-33246021,SUB013-C002,artifacts/10_claim_verification/02_work_orders/SUB013.md,artifacts/10_claim_verification/03_claim_reviews/SUB013.csv,not_reviewed,Extracted from assembled review citation-bearing prose.
SUB013-CL003,SUB013,5: Clinical Trials As Resistance Evidence,Positive Trials And Durable-Benefit Limits,"Its value for a resistance review is therefore concrete but bounded: it shows activity after CDK4/6 inhibitor exposure while leaving unanswered which resistant clones, pathway bypasses, or endocrine-escape states drove later progression `pmid-33794206` `pmid-39637900`.",pmid-33794206; pmid-39637900,SUB013-C003; SUB013-C004,artifacts/10_claim_verification/02_work_orders/SUB013.md,artifacts/10_claim_verification/03_claim_reviews/SUB013.csv,not_reviewed,Extracted from assembled review citation-bearing prose.
SUB013-CL004,SUB013,5: Clinical Trials As Resistance Evidence,Positive Trials And Durable-Benefit Limits,"A matched real-world comparison favored BYLieve over standard real-world treatments after CDK4/6 inhibitor plus aromatase inhibitor, but the comparison was not randomized and real-world progression assessment was less standardized than RECIST-based trial assessment `pmid-33909934`.",pmid-33909934,SUB013-C005,artifacts/10_claim_verification/02_work_orders/SUB013.md,artifacts/10_claim_verification/03_claim_reviews/SUB013.csv,not_reviewed,Extracted from assembled review citation-bearing prose.
SUB013-CL005,SUB013,5: Clinical Trials As Resistance Evidence,Positive Trials And Durable-Benefit Limits,"Inavolisib plus palbociclib-fulvestrant improved overall survival versus placebo plus palbociclib-fulvestrant, 34.0 versus 27.0 months, and maintained a progression-free survival advantage, while increasing selected adverse events including hyperglycemia, stomatitis or mucosal inflammation, diarrhea, rash, ocular toxicity, and grade 3 or 4 events `pmid-40454641`.",pmid-40454641,SUB013-C006,artifacts/10_claim_verification/02_work_orders/SUB013.md,artifacts/10_claim_verification/03_claim_reviews/SUB013.csv,not_reviewed,Extracted from assembled review citation-bearing prose.
SUB013-CL006,SUB013,5: Clinical Trials As Resistance Evidence,Positive Trials And Durable-Benefit Limits,"Exploratory SOLAR-1 genomics further argues for caution: PFS benefit was seen broadly in PIK3CA-altered disease, but co-alterations such as MYC or RAD21 were associated with limited benefit in small exploratory subgroups, without multiplicity-adjusted confirmation `pmid-41967638`.",pmid-41967638,SUB013-C007,artifacts/10_claim_verification/02_work_orders/SUB013.md,artifacts/10_claim_verification/03_claim_reviews/SUB013.csv,not_reviewed,Extracted from assembled review citation-bearing prose.
SUB013-CL007,SUB013,5: Clinical Trials As Resistance Evidence,Positive Trials And Durable-Benefit Limits,"Mechanistic papers in the packet provide the needed conceptual boundary: paired biopsies and experimental models suggest heterogeneous resistance, including PIM upregulation or persistent FOXM1-linked biology, but those data belong in mechanism sections unless a trial directly embeds specimen evidence `pmid-27604488` `pmid-32976773`.",pmid-27604488; pmid-32976773,SUB013-C008; SUB013-C009,artifacts/10_claim_verification/02_work_orders/SUB013.md,artifacts/10_claim_verification/03_claim_reviews/SUB013.csv,not_reviewed,Extracted from assembled review citation-bearing prose.
SUB014-CL001,SUB014,5: Clinical Trials As Resistance Evidence,"Failed, Negative, Or Limited Trials","For a resistance review, SANDPIPER should therefore be labeled as limited clinical utility driven substantially by benefit-risk and dose-intensity constraints, rather than as evidence that PIK3CA-mutant tumors are categorically resistant to PI3K inhibition `pmid-33186740`.",pmid-33186740,SUB014-C001,artifacts/10_claim_verification/02_work_orders/SUB014.md,artifacts/10_claim_verification/03_claim_reviews/SUB014.csv,not_reviewed,Extracted from assembled review citation-bearing prose.
SUB014-CL002,SUB014,5: Clinical Trials As Resistance Evidence,"Failed, Negative, Or Limited Trials","This is not a definitive negative trial; it is a small phase 1b signal-finding study showing why later interpretation must keep efficacy, tolerability, and emerging resistance biomarkers separate `pmid-31439579`.",pmid-31439579,SUB014-C002,artifacts/10_claim_verification/02_work_orders/SUB014.md,artifacts/10_claim_verification/03_claim_reviews/SUB014.csv,not_reviewed,Extracted from assembled review citation-bearing prose.
SUB014-CL003,SUB014,5: Clinical Trials As Resistance Evidence,"Failed, Negative, Or Limited Trials",This supports a more precise conclusion: mutation positivity without disease-context and co-alteration context can be insufficient for durable response `pmid-35138919`.,pmid-35138919,SUB014-C003,artifacts/10_claim_verification/02_work_orders/SUB014.md,artifacts/10_claim_verification/03_claim_reviews/SUB014.csv,not_reviewed,Extracted from assembled review citation-bearing prose.
SUB014-CL004,SUB014,5: Clinical Trials As Resistance Evidence,"Failed, Negative, Or Limited Trials","Those findings are clinically relevant, but many associations were exploratory and should be phrased as potential intrinsic or acquired resistance signals, not as established mechanisms for every SANDPIPER failure `pmid-36892268`.",pmid-36892268,SUB014-C004,artifacts/10_claim_verification/02_work_orders/SUB014.md,artifacts/10_claim_verification/03_claim_reviews/SUB014.csv,not_reviewed,Extracted from assembled review citation-bearing prose.
SUB014-CL005,SUB014,5: Clinical Trials As Resistance Evidence,"Failed, Negative, Or Limited Trials","Preclinical work broadens the candidate-mechanism map: IGF1R-p110beta-AKT-mTOR bypass, AXL-EGFR-PKC-mTOR signaling, RTK-SHP2 signaling, PTEN and ESR1 alterations, PIM upregulation, and HER2-model PI3K resistance all provide hypotheses for limited durability, but the packet does not allow those mechanisms to be retrofitted onto negative trial outcomes without paired trial specimens `pmid-27048245` `pmid-25873175` `pmid-35365185` `pmid-32864625` `pmid-27604488` `pmid-38986734`.",pmid-25873175; pmid-27048245; pmid-27604488; pmid-32864625; pmid-35365185; pmid-38986734,SUB014-C006; SUB014-C005; SUB014-C009; SUB014-C008; SUB014-C007; SUB014-C010,artifacts/10_claim_verification/02_work_orders/SUB014.md,artifacts/10_claim_verification/03_claim_reviews/SUB014.csv,not_reviewed,Extracted from assembled review citation-bearing prose.
SUB014-CL006,SUB014,5: Clinical Trials As Resistance Evidence,"Failed, Negative, Or Limited Trials",Newer inavolisib data provide a useful contrast: even a positive OS trial still frames adverse-event mitigation and underpowered subgroup signals as major interpretive issues `pmid-40454641`.,pmid-40454641,SUB014-C011,artifacts/10_claim_verification/02_work_orders/SUB014.md,artifacts/10_claim_verification/03_claim_reviews/SUB014.csv,not_reviewed,Extracted from assembled review citation-bearing prose.
SUB015-CL001,SUB015,5: Clinical Trials As Resistance Evidence,Combination Trials Designed To Overcome Resistance,"The ctDNA work also pointed to possible resistance correlates such as KRAS and ERBB2 alterations in some cases, but the non-randomized early-phase design prevents it from proving that tamoxifen overcame PI3K-inhibitor resistance `pmid-31439579`.",pmid-31439579,SUB015-C001,artifacts/10_claim_verification/02_work_orders/SUB015.md,artifacts/10_claim_verification/03_claim_reviews/SUB015.csv,not_reviewed,Extracted from assembled review citation-bearing prose.
SUB015-CL002,SUB015,5: Clinical Trials As Resistance Evidence,Combination Trials Designed To Overcome Resistance,"A related alpelisib plus aromatase-inhibitor specimen study makes the resistance logic more explicit: PTEN and ESR1 alterations arose or were detected across plasma and tumor samples, suggesting that resistance to a combination can reflect escape from either the PI3K-alpha component or the endocrine component, often with spatial and temporal heterogeneity `pmid-32864625`.",pmid-32864625,SUB015-C002,artifacts/10_claim_verification/02_work_orders/SUB015.md,artifacts/10_claim_verification/03_claim_reviews/SUB015.csv,not_reviewed,Extracted from assembled review citation-bearing prose.
SUB015-CL003,SUB015,5: Clinical Trials As Resistance Evidence,Combination Trials Designed To Overcome Resistance,"This negative feasibility signal is critical, because a biologically attractive resistance model can fail clinically through overlapping toxicity and dose-intensity limits `pmid-32887722`.",pmid-32887722,SUB015-C003,artifacts/10_claim_verification/02_work_orders/SUB015.md,artifacts/10_claim_verification/03_claim_reviews/SUB015.csv,not_reviewed,Extracted from assembled review citation-bearing prose.
SUB015-CL004,SUB015,5: Clinical Trials As Resistance Evidence,Combination Trials Designed To Overcome Resistance,"The FDA approval summary reported first-line inavolisib plus palbociclib-fulvestrant in endocrine-resistant, PIK3CA-mutated HR-positive, HER2-negative locally advanced or metastatic breast cancer, with PFS 15.0 versus 7.3 months, ORR 58% versus 25%, and longer duration of response than placebo plus palbociclib-fulvestrant `pmid-40845250`.",pmid-40845250,SUB015-C004,artifacts/10_claim_verification/02_work_orders/SUB015.md,artifacts/10_claim_verification/03_claim_reviews/SUB015.csv,not_reviewed,Extracted from assembled review citation-bearing prose.
SUB015-CL005,SUB015,5: Clinical Trials As Resistance Evidence,Combination Trials Designed To Overcome Resistance,"Final OS follow-up then reported median OS 34.0 versus 27.0 months, while still noting higher selected PI3K-class adverse events and underpowered subgroups `pmid-40454641`.",pmid-40454641,SUB015-C005,artifacts/10_claim_verification/02_work_orders/SUB015.md,artifacts/10_claim_verification/03_claim_reviews/SUB015.csv,not_reviewed,Extracted from assembled review citation-bearing prose.
SUB015-CL006,SUB015,5: Clinical Trials As Resistance Evidence,Combination Trials Designed To Overcome Resistance,"The dedicated safety analysis is important because it describes why the regimen was feasible: hyperglycaemia, stomatitis or mucosal inflammation, rash, and diarrhoea were generally early, mostly low-grade or manageable, and controlled with concomitant medications, monitoring, interruptions, and dose modifications; however, INAVO120 excluded some patients at high hyperglycaemia risk, limiting real-world generalization `pmid-42202490`.",pmid-42202490,SUB015-C006,artifacts/10_claim_verification/02_work_orders/SUB015.md,artifacts/10_claim_verification/03_claim_reviews/SUB015.csv,not_reviewed,Extracted from assembled review citation-bearing prose.
SUB015-CL007,SUB015,5: Clinical Trials As Resistance Evidence,Combination Trials Designed To Overcome Resistance,"In HER2-positive preclinical models with acquired trastuzumab or lapatinib resistance, copanlisib combinations with HER2-targeted therapy produced stronger growth inhibition and restored sensitivity in resistant cells, supporting a clinical-trial rationale but not a proven patient benefit `pmid-25528022`.",pmid-25528022,SUB015-C007,artifacts/10_claim_verification/02_work_orders/SUB015.md,artifacts/10_claim_verification/03_claim_reviews/SUB015.csv,not_reviewed,Extracted from assembled review citation-bearing prose.
SUB015-CL008,SUB015,5: Clinical Trials As Resistance Evidence,Combination Trials Designed To Overcome Resistance,"Separate HER2-overexpressing models showed that PI3K-mTOR inhibition can activate HER receptor and ERK signaling, and that adding lapatinib, trastuzumab, or MEK inhibition enhanced antiproliferative and pro-apoptotic effects; the same paper also warned that BEZ235 plus lapatinib caused unacceptable toxicity in mouse xenograft testing `pmid-21278786`.",pmid-21278786,SUB015-C008,artifacts/10_claim_verification/02_work_orders/SUB015.md,artifacts/10_claim_verification/03_claim_reviews/SUB015.csv,not_reviewed,Extracted from assembled review citation-bearing prose.
SUB015-CL009,SUB015,5: Clinical Trials As Resistance Evidence,Combination Trials Designed To Overcome Resistance,"In the pathway-cotargeting clinic, alpelisib plus infigratinib demonstrated feasibility at full single-agent doses but frequent interruptions or reductions, a low overall response rate, and no clear signal of synergistic efficacy in PIK3CA-FGFR dual-altered cohorts `pmid-35100734`.",pmid-35100734,SUB015-C009,artifacts/10_claim_verification/02_work_orders/SUB015.md,artifacts/10_claim_verification/03_claim_reviews/SUB015.csv,not_reviewed,Extracted from assembled review citation-bearing prose.
SUB015-CL010,SUB015,5: Clinical Trials As Resistance Evidence,Combination Trials Designed To Overcome Resistance,"Preclinical mutant-selective PI3K-alpha inhibitors such as STX-478 may improve the therapeutic window for combinations, but the xenograft data remain model-specific and should be presented as rationale rather than clinical validation `pmid-37623743`.",pmid-37623743,SUB015-C010,artifacts/10_claim_verification/02_work_orders/SUB015.md,artifacts/10_claim_verification/03_claim_reviews/SUB015.csv,not_reviewed,Extracted from assembled review citation-bearing prose.
SUB015-CL011,SUB015,5: Clinical Trials As Resistance Evidence,Combination Trials Designed To Overcome Resistance,"Overall, combination trials should be tabulated by partner, resistance premise, disease context, prior therapy, biomarker assay, response and survival endpoints, dose intensity, adverse-event management, and whether translational specimens directly test the escape mechanism `pmid-27604488`.",pmid-27604488,SUB015-C011,artifacts/10_claim_verification/02_work_orders/SUB015.md,artifacts/10_claim_verification/03_claim_reviews/SUB015.csv,not_reviewed,Extracted from assembled review citation-bearing prose.
SUB016-CL001,SUB016,6: Next-Generation Inhibitors And Future Resistance Questions,Mutant-Selective And Allosteric PI3K-alpha Inhibitors,"The important boundary is that these are not yet clinical resistance-overcoming data; they support mutant selectivity, preclinical antitumor activity, and a metabolic-tolerability rationale more directly than they prove benefit after prior alpelisib or inavolisib resistance `pmid-37623743`.",pmid-37623743,S16-R001,artifacts/10_claim_verification/02_work_orders/SUB016.md,artifacts/10_claim_verification/03_claim_reviews/SUB016.csv,not_reviewed,Extracted from assembled review citation-bearing prose.
SUB016-CL002,SUB016,6: Next-Generation Inhibitors And Future Resistance Questions,Mutant-Selective And Allosteric PI3K-alpha Inhibitors,"Even here, the claim should stay bounded: emergent AKT1 mutations created cross-resistance to orthosteric and allosteric PI3K-alpha inhibitors that required AKT inhibition in models, so RLY-2608 addresses one on-target resistance class rather than the whole resistance landscape `pmid-37916958`.",pmid-37916958,S16-R002,artifacts/10_claim_verification/02_work_orders/SUB016.md,artifacts/10_claim_verification/03_claim_reviews/SUB016.csv,not_reviewed,Extracted from assembled review citation-bearing prose.
SUB016-CL003,SUB016,6: Next-Generation Inhibitors And Future Resistance Questions,Mutant-Selective And Allosteric PI3K-alpha Inhibitors,"Those papers do not test STX-478 or RLY-2608 directly, but they justify a cautious next-stage framing: next-generation PI3K-alpha inhibitors may improve selectivity and may overcome selected catalytic-pocket resistance mutations, while clinical activity, tolerability, and resistance-overcoming activity each require their own evidence line `pmid-40360883` `pmid-27048245` `pmid-27604488` `pmid-25873175` `pmid-32864625` `pmid-21278786`.",pmid-21278786; pmid-25873175; pmid-27048245; pmid-27604488; pmid-32864625; pmid-40360883,S16-R008; S16-R006; S16-R004; S16-R005; S16-R007; S16-R003,artifacts/10_claim_verification/02_work_orders/SUB016.md,artifacts/10_claim_verification/03_claim_reviews/SUB016.csv,not_reviewed,Extracted from assembled review citation-bearing prose.
SUB017-CL001,SUB017,6: Next-Generation Inhibitors And Future Resistance Questions,Biomarker Strategy And Patient Selection,"The more recent SOLAR-1 genomic determinant analysis and the original alpelisib development work are therefore best treated as trial-level and development-level evidence for refining baseline selection, assay interpretation, and co-alteration questions, rather than as proof that a single binary PIK3CA test captures the full response biology; smaller combination studies such as alpelisib plus nab-paclitaxel also show that biomarker interpretation depends on the treatment backbone being tested `pmid-31091374` `pmid-41967638` `pmid-24608574` `pmid-33602685`.",pmid-24608574; pmid-31091374; pmid-33602685; pmid-41967638,S17-R003; S17-R001; S17-R013; S17-R002,artifacts/10_claim_verification/02_work_orders/SUB017.md,artifacts/10_claim_verification/03_claim_reviews/SUB017.csv,not_reviewed,Extracted from assembled review citation-bearing prose.
SUB017-CL002,SUB017,6: Next-Generation Inhibitors And Future Resistance Questions,Biomarker Strategy And Patient Selection,"This supports post-progression testing as more than a cataloging exercise: secondary catalytic-pocket PIK3CA mutations may indicate resistance to orthosteric PI3K-alpha inhibitors but retained sensitivity to allosteric RLY-2608 in models, whereas AKT1 alterations created a different therapeutic question because they were associated with cross-resistance to orthosteric and allosteric PI3K-alpha inhibition in the same study `pmid-37916958`.",pmid-37916958,S17-R004,artifacts/10_claim_verification/02_work_orders/SUB017.md,artifacts/10_claim_verification/03_claim_reviews/SUB017.csv,not_reviewed,Extracted from assembled review citation-bearing prose.
SUB017-CL003,SUB017,6: Next-Generation Inhibitors And Future Resistance Questions,Biomarker Strategy And Patient Selection,"Juric-associated longitudinal trial profiling of alpelisib plus aromatase inhibitors found PTEN loss-of-function mutations in resistant cases and expansion of ESR1 activating mutations, linking PI3K-alpha resistance with endocrine pressure and spatially heterogeneous tumor evolution `pmid-32864625`.",pmid-32864625,S17-R005,artifacts/10_claim_verification/02_work_orders/SUB017.md,artifacts/10_claim_verification/03_claim_reviews/SUB017.csv,not_reviewed,Extracted from assembled review citation-bearing prose.
SUB017-CL004,SUB017,6: Next-Generation Inhibitors And Future Resistance Questions,Biomarker Strategy And Patient Selection,"Functional studies nominate additional candidate biomarkers: PIM kinase upregulation maintained downstream PI3K effector activity in alpelisib-resistant breast cancer cells and was seen in a small paired-biopsy set, but the authors explicitly framed the clinical biopsy evidence as preliminary `pmid-27604488`; persistent FOXM1 expression after PI3K-alpha inhibition marked resistance in ER-positive breast cancer models and drove LDH-dependent metabolic changes detectable by hyperpolarized carbon-13 pyruvate-lactate MRI rather than FDG-PET, making it a pharmacodynamic and imaging biomarker candidate `pmid-32976773`; integrative modeling of alpelisib-sensitive and resistant T47D states nominated PDK1 co-targeting and a p21-high resistance phenotype, but this is a prioritization framework rather than a validated clinical test `pmid-38273040`.",pmid-27604488; pmid-32976773; pmid-38273040,S17-R006; S17-R007; S17-R016,artifacts/10_claim_verification/02_work_orders/SUB017.md,artifacts/10_claim_verification/03_claim_reviews/SUB017.csv,not_reviewed,Extracted from assembled review citation-bearing prose.
SUB017-CL005,SUB017,6: Next-Generation Inhibitors And Future Resistance Questions,Biomarker Strategy And Patient Selection,"RTK-expression studies, IGF1R/p110-beta rewiring, NF1-loss models, and mTORC1-activating co-alterations support exploratory biomarkers for combination choice, but most remain model-based or translational rather than clinically validated `pmid-28382169` `pmid-27048245` `pmid-37044095` `pmid-33685991`.",pmid-27048245; pmid-28382169; pmid-33685991; pmid-37044095,S17-R009; S17-R008; S17-R011; S17-R010,artifacts/10_claim_verification/02_work_orders/SUB017.md,artifacts/10_claim_verification/03_claim_reviews/SUB017.csv,not_reviewed,Extracted from assembled review citation-bearing prose.
SUB017-CL006,SUB017,6: Next-Generation Inhibitors And Future Resistance Questions,Biomarker Strategy And Patient Selection,"In SANDPIPER and related translational analyses, PIK3CA mutation status and ctDNA-defined features were associated with differential benefit from taselisib plus fulvestrant, yet the regimen’s modest benefit and toxicity limited clinical utility, so a biomarker-positive subgroup did not rescue the drug as a treatment strategy `pmid-36892268`.",pmid-36892268,S17-R012,artifacts/10_claim_verification/02_work_orders/SUB017.md,artifacts/10_claim_verification/03_claim_reviews/SUB017.csv,not_reviewed,Extracted from assembled review citation-bearing prose.
SUB017-CL007,SUB017,6: Next-Generation Inhibitors And Future Resistance Questions,Biomarker Strategy And Patient Selection,"Complex PIK3CA genotypes, including multiple mutations or rare C-terminal frameshift alterations, may eventually refine PI3K-alpha sensitivity claims, but this packet supports treating them as selection-context evidence until tied prospectively to outcomes under specific inhibitors `pmid-32494066` `pmid-32929011`.",pmid-32494066; pmid-32929011,S17-R014; S17-R015,artifacts/10_claim_verification/02_work_orders/SUB017.md,artifacts/10_claim_verification/03_claim_reviews/SUB017.csv,not_reviewed,Extracted from assembled review citation-bearing prose.
SUB018-CL001,SUB018,6: Next-Generation Inhibitors And Future Resistance Questions,Verification Priorities For The Next Workflow Stages,"These sources support PTEN loss as a clinically observed resistance mechanism, but downstream agents should still separate genomic PTEN loss, protein loss by IHC, non-genetic PTEN suppression, and pathway-level PTEN functional loss because those are not interchangeable assays or claims `pmid-25409150` `pmid-37916958` `pmid-32864625` `pmid-40382983`.",pmid-25409150; pmid-32864625; pmid-37916958; pmid-40382983,S18-R001; S18-R003; S18-R002; S18-R004,artifacts/10_claim_verification/02_work_orders/SUB018.md,artifacts/10_claim_verification/03_claim_reviews/SUB018.csv,not_reviewed,Extracted from assembled review citation-bearing prose.
SUB018-CL002,SUB018,6: Next-Generation Inhibitors And Future Resistance Questions,Verification Priorities For The Next Workflow Stages,"Verification should therefore ask whether a next-generation inhibitor overcomes the specific resistance allele being claimed, rather than whether it generally overcomes alpelisib resistance `pmid-37916958`.",pmid-37916958,S18-R002,artifacts/10_claim_verification/02_work_orders/SUB018.md,artifacts/10_claim_verification/03_claim_reviews/SUB018.csv,not_reviewed,Extracted from assembled review citation-bearing prose.
SUB018-CL003,SUB018,6: Next-Generation Inhibitors And Future Resistance Questions,Verification Priorities For The Next Workflow Stages,"Functional screens in PIK3CA-mutant breast cancer cells found many resistance genes and validated PIM kinases as maintaining downstream PI3K effector activation in an AKT-independent manner; however, the paired clinical biopsy evidence for PIM upregulation was explicitly preliminary `pmid-27604488`.",pmid-27604488,S18-R005,artifacts/10_claim_verification/02_work_orders/SUB018.md,artifacts/10_claim_verification/03_claim_reviews/SUB018.csv,not_reviewed,Extracted from assembled review citation-bearing prose.
SUB018-CL004,SUB018,6: Next-Generation Inhibitors And Future Resistance Questions,Verification Priorities For The Next Workflow Stages,"These are important claim targets, but the final review should label tumor type, model system, PI3K inhibitor, and whether the evidence is acquired, intrinsic, engineered, or correlative `pmid-25873175` `pmid-37493631` `pmid-37044095` `pmid-33024087` `pmid-38286037`.",pmid-25873175; pmid-33024087; pmid-37044095; pmid-37493631; pmid-38286037,S18-R006; S18-R009; S18-R008; S18-R007; S18-R010,artifacts/10_claim_verification/02_work_orders/SUB018.md,artifacts/10_claim_verification/03_claim_reviews/SUB018.csv,not_reviewed,Extracted from assembled review citation-bearing prose.
SUB018-CL005,SUB018,6: Next-Generation Inhibitors And Future Resistance Questions,Verification Priorities For The Next Workflow Stages,"This is the key template for the next workflow stage: efficacy, tolerability, biomarker enrichment, and clinical utility must be verified as separate claims `pmid-33186740`.",pmid-33186740,S18-R011,artifacts/10_claim_verification/02_work_orders/SUB018.md,artifacts/10_claim_verification/03_claim_reviews/SUB018.csv,not_reviewed,Extracted from assembled review citation-bearing prose.
SUB018-CL006,SUB018,6: Next-Generation Inhibitors And Future Resistance Questions,Verification Priorities For The Next Workflow Stages,"Similarly, alpelisib monotherapy and pharmacodynamic biomarker studies can provide useful clinical or mechanistic context, but they should not be allowed to stand in for resistance-overcoming evidence unless the design includes prior exposure, progression sampling, and a resistance-specific intervention `pmid-35771551` `pmid-32976773` `pmid-33606974`.",pmid-32976773; pmid-33606974; pmid-35771551,S18-R013; S18-R014; S18-R012,artifacts/10_claim_verification/02_work_orders/SUB018.md,artifacts/10_claim_verification/03_claim_reviews/SUB018.csv,not_reviewed,Extracted from assembled review citation-bearing prose.
